user_id,action_id,rating,clicked,done,combined_score
U0000,A12,4,1,1,0.86
U0000,A02,5,1,1,1.0
U0000,A09,1,1,1,0.44
U0000,A06,2,1,0,0.4
U0000,A04,3,1,0,0.54
U0000,A11,1,1,0,0.26
U0000,A01,4,1,0,0.68
U0000,A13,3,1,0,0.54
U0000,A15,2,1,0,0.4
U0001,A13,2,1,1,0.58
U0001,A06,2,1,0,0.4
U0001,A04,4,1,0,0.68
U0001,A11,3,1,0,0.54
U0001,A08,4,1,1,0.86
U0001,A09,2,1,1,0.58
U0001,A02,1,1,0,0.26
U0001,A15,1,1,0,0.26
U0002,A05,4,1,1,0.86
U0002,A04,3,1,1,0.72
U0002,A01,1,1,1,0.44
U0003,A11,3,1,1,0.72
U0003,A01,5,1,0,0.82
U0003,A05,5,1,0,0.82
U0003,A02,5,1,1,1.0
U0003,A13,1,1,1,0.44
U0003,A09,3,1,1,0.72
U0003,A04,5,1,1,1.0
U0003,A07,3,1,1,0.72
U0003,A12,2,1,1,0.58
U0003,A10,3,1,0,0.54
U0004,A14,2,1,1,0.58
U0004,A08,4,1,1,0.86
U0004,A10,2,1,1,0.58
U0004,A13,3,1,1,0.72
U0004,A09,2,1,0,0.4
U0004,A04,5,1,1,1.0
U0005,A13,3,1,0,0.54
U0005,A01,2,1,1,0.58
U0005,A07,3,1,1,0.72
U0005,A05,3,1,1,0.72
U0005,A03,4,1,1,0.86
U0005,A02,4,1,1,0.86
U0005,A15,3,1,1,0.72
U0006,A08,3,1,1,0.72
U0006,A06,4,1,1,0.86
U0006,A09,2,1,0,0.4
U0006,A01,5,1,0,0.82
U0007,A07,4,1,1,0.86
U0007,A05,2,1,0,0.4
U0007,A02,1,1,0,0.26
U0008,A05,4,1,1,0.86
U0008,A07,2,1,0,0.4
U0008,A13,2,1,1,0.58
U0009,A09,3,1,1,0.72
U0009,A05,3,1,1,0.72
U0009,A03,1,1,1,0.44
U0009,A14,4,1,0,0.68
U0009,A10,3,1,1,0.72
U0009,A06,2,1,1,0.58
U0009,A11,4,1,0,0.68
U0009,A15,3,1,0,0.54
U0009,A13,3,1,0,0.54
U0009,A08,3,1,1,0.72
U0010,A09,2,1,1,0.58
U0010,A15,5,1,0,0.82
U0010,A07,1,1,1,0.44
U0010,A14,2,1,1,0.58
U0010,A06,2,1,0,0.4
U0010,A04,3,1,0,0.54
U0010,A10,1,1,0,0.26
U0010,A12,2,1,1,0.58
U0011,A06,4,1,0,0.68
U0011,A05,4,1,1,0.86
U0011,A09,4,1,0,0.68
U0012,A07,4,1,1,0.86
U0012,A06,5,1,1,1.0
U0012,A13,2,1,0,0.4
U0012,A05,1,1,1,0.44
U0012,A11,3,1,1,0.72
U0012,A10,4,1,1,0.86
U0012,A08,5,1,1,1.0
U0012,A04,1,1,1,0.44
U0013,A04,3,1,0,0.54
U0013,A02,4,1,1,0.86
U0013,A07,1,1,1,0.44
U0013,A12,2,1,0,0.4
U0013,A03,4,1,1,0.86
U0013,A09,3,1,1,0.72
U0013,A01,4,1,1,0.86
U0013,A11,1,1,0,0.26
U0013,A13,1,1,0,0.26
U0014,A09,3,1,0,0.54
U0014,A06,4,1,1,0.86
U0014,A11,3,1,1,0.72
U0014,A01,4,1,0,0.68
U0014,A08,3,1,0,0.54
U0014,A02,4,1,1,0.86
U0014,A05,5,1,1,1.0
U0014,A03,4,1,0,0.68
U0014,A04,5,1,0,0.82
U0015,A14,2,1,1,0.58
U0015,A08,5,1,1,1.0
U0015,A06,5,1,0,0.82
U0015,A09,3,1,0,0.54
U0015,A15,2,1,0,0.4
U0015,A02,4,1,0,0.68
U0015,A01,4,1,1,0.86
U0015,A11,5,1,0,0.82
U0015,A03,4,1,0,0.68
U0015,A05,4,1,1,0.86
U0016,A11,1,1,0,0.26
U0016,A03,5,1,0,0.82
U0016,A05,2,1,1,0.58
U0016,A08,1,1,1,0.44
U0016,A07,2,1,1,0.58
U0016,A04,5,1,0,0.82
U0016,A01,4,1,0,0.68
U0017,A01,4,1,1,0.86
U0017,A08,3,1,1,0.72
U0017,A07,4,1,1,0.86
U0017,A14,2,1,0,0.4
U0018,A03,4,1,0,0.68
U0018,A07,4,1,0,0.68
U0018,A04,5,1,1,1.0
U0018,A08,5,1,1,1.0
U0019,A09,2,1,0,0.4
U0019,A06,2,1,0,0.4
U0019,A14,2,1,0,0.4
U0019,A02,4,1,1,0.86
U0019,A08,2,1,0,0.4
U0019,A01,4,1,1,0.86
U0020,A10,3,1,0,0.54
U0020,A01,5,1,0,0.82
U0020,A03,3,1,0,0.54
U0020,A04,4,1,1,0.86
U0020,A15,2,1,1,0.58
U0021,A03,2,1,0,0.4
U0021,A07,3,1,0,0.54
U0021,A06,4,1,1,0.86
U0021,A09,4,1,0,0.68
U0022,A08,5,1,1,1.0
U0022,A03,4,1,0,0.68
U0022,A06,5,1,1,1.0
U0022,A11,4,1,1,0.86
U0023,A06,5,1,0,0.82
U0023,A04,5,1,0,0.82
U0023,A01,5,1,0,0.82
U0024,A06,5,1,1,1.0
U0024,A04,3,1,1,0.72
U0024,A03,4,1,1,0.86
U0024,A07,4,1,1,0.86
U0025,A08,3,1,1,0.72
U0025,A13,4,1,1,0.86
U0025,A09,3,1,1,0.72
U0025,A14,1,1,1,0.44
U0025,A05,5,1,0,0.82
U0026,A08,4,1,0,0.68
U0026,A06,5,1,0,0.82
U0026,A14,1,1,1,0.44
U0026,A04,5,1,1,1.0
U0026,A07,5,1,1,1.0
U0026,A10,1,1,0,0.26
U0027,A02,5,1,1,1.0
U0027,A09,2,1,1,0.58
U0027,A03,3,1,1,0.72
U0027,A05,4,1,1,0.86
U0027,A13,1,1,1,0.44
U0028,A05,3,1,0,0.54
U0028,A02,4,1,0,0.68
U0028,A07,3,1,0,0.54
U0028,A10,2,1,1,0.58
U0028,A01,4,1,1,0.86
U0028,A14,3,1,0,0.54
U0028,A11,3,1,1,0.72
U0028,A15,2,1,1,0.58
U0029,A04,4,1,1,0.86
U0029,A06,5,1,1,1.0
U0029,A01,3,1,0,0.54
U0029,A05,2,1,1,0.58
U0029,A03,4,1,1,0.86
U0029,A02,5,1,1,1.0
U0029,A13,4,1,0,0.68
U0029,A08,3,1,1,0.72
U0029,A10,3,1,1,0.72
U0029,A14,2,1,1,0.58
U0030,A12,2,1,1,0.58
U0030,A01,4,1,0,0.68
U0030,A13,3,1,0,0.54
U0030,A10,3,1,0,0.54
U0030,A15,4,1,0,0.68
U0030,A14,2,1,0,0.4
U0030,A05,5,1,1,1.0
U0030,A09,3,1,1,0.72
U0031,A02,5,1,1,1.0
U0031,A07,4,1,0,0.68
U0031,A08,4,1,1,0.86
U0031,A01,3,1,0,0.54
U0031,A05,2,1,0,0.4
U0031,A15,3,1,1,0.72
U0031,A06,3,1,1,0.72
U0031,A13,3,1,0,0.54
U0032,A13,4,1,0,0.68
U0032,A12,3,1,0,0.54
U0032,A02,5,1,1,1.0
U0032,A03,3,1,1,0.72
U0032,A10,3,1,0,0.54
U0032,A14,1,1,1,0.44
U0032,A04,4,1,0,0.68
U0032,A09,2,1,0,0.4
U0032,A08,2,1,0,0.4
U0032,A06,2,1,0,0.4
U0033,A05,5,1,1,1.0
U0033,A12,3,1,1,0.72
U0033,A01,1,1,0,0.26
U0034,A07,1,1,0,0.26
U0034,A09,2,1,1,0.58
U0034,A10,3,1,1,0.72
U0034,A08,2,1,1,0.58
U0034,A13,3,1,0,0.54
U0034,A01,1,1,1,0.44
U0034,A12,2,1,1,0.58
U0034,A11,3,1,1,0.72
U0034,A06,1,1,1,0.44
U0035,A14,2,1,1,0.58
U0035,A08,4,1,1,0.86
U0035,A10,3,1,1,0.72
U0035,A07,3,1,1,0.72
U0035,A03,2,1,0,0.4
U0035,A06,3,1,1,0.72
U0035,A13,2,1,1,0.58
U0035,A01,1,1,0,0.26
U0035,A05,5,1,1,1.0
U0036,A03,3,1,1,0.72
U0036,A07,3,1,1,0.72
U0036,A15,1,1,0,0.26
U0036,A06,1,1,1,0.44
U0036,A08,5,1,1,1.0
U0036,A13,2,1,0,0.4
U0037,A01,3,1,1,0.72
U0037,A12,3,1,0,0.54
U0037,A06,3,1,1,0.72
U0037,A08,3,1,0,0.54
U0037,A05,3,1,1,0.72
U0038,A14,2,1,1,0.58
U0038,A06,4,1,0,0.68
U0038,A09,3,1,0,0.54
U0038,A04,5,1,1,1.0
U0039,A03,5,1,1,1.0
U0039,A11,3,1,1,0.72
U0039,A13,2,1,1,0.58
U0039,A06,3,1,1,0.72
U0039,A09,1,1,0,0.26
U0040,A09,3,1,0,0.54
U0040,A05,2,1,1,0.58
U0040,A12,2,1,0,0.4
U0040,A01,3,1,0,0.54
U0040,A13,2,1,1,0.58
U0040,A14,4,1,0,0.68
U0040,A03,3,1,0,0.54
U0040,A15,2,1,0,0.4
U0040,A11,4,1,0,0.68
U0041,A08,5,1,1,1.0
U0041,A04,5,1,1,1.0
U0041,A09,4,1,1,0.86
U0041,A13,2,1,1,0.58
U0042,A06,4,1,1,0.86
U0042,A05,3,1,0,0.54
U0042,A15,3,1,0,0.54
U0042,A03,4,1,1,0.86
U0043,A15,3,1,1,0.72
U0043,A11,3,1,0,0.54
U0043,A05,5,1,1,1.0
U0043,A02,1,1,0,0.26
U0043,A10,2,1,0,0.4
U0043,A03,1,1,0,0.26
U0043,A08,2,1,1,0.58
U0043,A06,3,1,1,0.72
U0043,A13,3,1,0,0.54
U0043,A04,5,1,0,0.82
U0044,A11,5,1,1,1.0
U0044,A10,2,1,1,0.58
U0044,A15,3,1,1,0.72
U0044,A14,3,1,1,0.72
U0044,A01,5,1,1,1.0
U0044,A07,5,1,1,1.0
U0044,A13,3,1,1,0.72
U0044,A06,4,1,0,0.68
U0044,A03,5,1,1,1.0
U0045,A11,2,1,0,0.4
U0045,A02,2,1,0,0.4
U0045,A06,2,1,1,0.58
U0045,A09,3,1,0,0.54
U0046,A01,3,1,1,0.72
U0046,A02,4,1,1,0.86
U0046,A05,2,1,0,0.4
U0046,A14,2,1,0,0.4
U0046,A03,3,1,0,0.54
U0046,A09,3,1,1,0.72
U0046,A10,2,1,1,0.58
U0046,A06,1,1,0,0.26
U0047,A12,3,1,0,0.54
U0047,A01,5,1,1,1.0
U0047,A05,3,1,1,0.72
U0047,A14,2,1,0,0.4
U0047,A15,2,1,0,0.4
U0047,A06,1,1,0,0.26
U0047,A09,2,1,0,0.4
U0048,A15,2,1,0,0.4
U0048,A13,2,1,0,0.4
U0048,A07,4,1,0,0.68
U0048,A09,2,1,1,0.58
U0048,A11,4,1,1,0.86
U0048,A01,4,1,0,0.68
U0048,A05,4,1,1,0.86
U0048,A04,5,1,1,1.0
U0049,A10,3,1,1,0.72
U0049,A08,1,1,0,0.26
U0049,A03,3,1,1,0.72
U0049,A14,3,1,0,0.54
U0049,A12,3,1,1,0.72
U0049,A13,3,1,0,0.54
U0049,A11,1,1,0,0.26
U0049,A07,2,1,0,0.4
U0049,A06,1,1,0,0.26
U0049,A09,3,1,0,0.54
U0050,A13,2,1,1,0.58
U0050,A08,5,1,1,1.0
U0050,A06,5,1,1,1.0
U0050,A12,2,1,0,0.4
U0050,A15,3,1,1,0.72
U0050,A11,5,1,1,1.0
U0050,A09,2,1,0,0.4
U0050,A02,2,1,0,0.4
U0050,A14,3,1,0,0.54
U0050,A10,2,1,1,0.58
U0051,A15,3,1,1,0.72
U0051,A04,3,1,0,0.54
U0051,A07,3,1,1,0.72
U0051,A10,1,1,0,0.26
U0051,A08,4,1,1,0.86
U0052,A05,4,1,1,0.86
U0052,A04,4,1,0,0.68
U0052,A08,4,1,1,0.86
U0052,A09,2,1,1,0.58
U0052,A01,1,1,0,0.26
U0052,A12,4,1,1,0.86
U0052,A06,5,1,1,1.0
U0052,A14,2,1,0,0.4
U0052,A15,3,1,0,0.54
U0052,A07,5,1,0,0.82
U0053,A02,1,1,0,0.26
U0053,A08,4,1,1,0.86
U0053,A04,1,1,0,0.26
U0054,A07,5,1,1,1.0
U0054,A13,3,1,0,0.54
U0054,A02,3,1,1,0.72
U0054,A12,3,1,1,0.72
U0055,A02,1,1,0,0.26
U0055,A15,3,1,1,0.72
U0055,A03,1,1,0,0.26
U0055,A09,4,1,0,0.68
U0055,A11,3,1,0,0.54
U0056,A03,5,1,1,1.0
U0056,A07,5,1,1,1.0
U0056,A11,4,1,0,0.68
U0057,A12,1,1,0,0.26
U0057,A10,2,1,0,0.4
U0057,A07,3,1,1,0.72
U0057,A08,4,1,0,0.68
U0057,A11,3,1,0,0.54
U0057,A03,3,1,1,0.72
U0057,A15,2,1,0,0.4
U0058,A08,2,1,0,0.4
U0058,A07,1,1,1,0.44
U0058,A09,2,1,0,0.4
U0058,A01,5,1,1,1.0
U0058,A06,3,1,1,0.72
U0058,A12,1,1,1,0.44
U0058,A10,2,1,1,0.58
U0058,A15,2,1,0,0.4
U0058,A03,5,1,1,1.0
U0058,A04,4,1,0,0.68
U0059,A15,3,1,1,0.72
U0059,A03,3,1,0,0.54
U0059,A10,1,1,1,0.44
U0060,A05,4,1,1,0.86
U0060,A06,3,1,1,0.72
U0060,A09,3,1,0,0.54
U0060,A03,4,1,0,0.68
U0060,A08,5,1,1,1.0
U0060,A14,2,1,0,0.4
U0060,A04,5,1,1,1.0
U0060,A07,4,1,1,0.86
U0061,A05,5,1,0,0.82
U0061,A07,5,1,1,1.0
U0061,A01,4,1,1,0.86
U0061,A03,5,1,1,1.0
U0061,A15,2,1,1,0.58
U0062,A04,3,1,1,0.72
U0062,A15,2,1,0,0.4
U0062,A11,5,1,1,1.0
U0062,A05,3,1,0,0.54
U0062,A06,5,1,0,0.82
U0062,A14,3,1,0,0.54
U0062,A07,5,1,1,1.0
U0063,A15,4,1,0,0.68
U0063,A01,5,1,0,0.82
U0063,A05,5,1,1,1.0
U0063,A13,3,1,0,0.54
U0064,A13,2,1,0,0.4
U0064,A04,4,1,0,0.68
U0064,A05,2,1,0,0.4
U0064,A03,5,1,1,1.0
U0065,A05,1,1,1,0.44
U0065,A03,5,1,1,1.0
U0065,A01,3,1,1,0.72
U0065,A09,3,1,0,0.54
U0065,A10,3,1,0,0.54
U0065,A07,3,1,0,0.54
U0065,A13,3,1,1,0.72
U0065,A08,3,1,1,0.72
U0065,A02,4,1,1,0.86
U0065,A06,2,1,1,0.58
U0066,A08,1,1,0,0.26
U0066,A09,2,1,0,0.4
U0066,A01,3,1,1,0.72
U0066,A11,1,1,1,0.44
U0066,A05,4,1,0,0.68
U0066,A15,3,1,1,0.72
U0066,A13,1,1,1,0.44
U0066,A02,4,1,1,0.86
U0066,A14,4,1,0,0.68
U0067,A10,2,1,0,0.4
U0067,A07,3,1,1,0.72
U0067,A13,3,1,1,0.72
U0067,A14,3,1,1,0.72
U0067,A06,2,1,0,0.4
U0067,A05,4,1,1,0.86
U0067,A08,1,1,0,0.26
U0067,A11,1,1,0,0.26
U0067,A02,1,1,0,0.26
U0068,A11,4,1,1,0.86
U0068,A01,5,1,1,1.0
U0068,A05,2,1,0,0.4
U0068,A12,2,1,0,0.4
U0068,A09,3,1,1,0.72
U0068,A14,4,1,1,0.86
U0068,A04,4,1,1,0.86
U0068,A08,2,1,0,0.4
U0068,A06,2,1,1,0.58
U0069,A03,1,1,0,0.26
U0069,A09,2,1,1,0.58
U0069,A15,3,1,0,0.54
U0069,A05,3,1,1,0.72
U0069,A11,2,1,0,0.4
U0069,A08,3,1,0,0.54
U0070,A05,2,1,1,0.58
U0070,A11,3,1,1,0.72
U0070,A03,1,1,0,0.26
U0070,A12,2,1,1,0.58
U0070,A13,3,1,0,0.54
U0070,A09,1,1,1,0.44
U0071,A09,3,1,1,0.72
U0071,A07,1,1,0,0.26
U0071,A14,3,1,0,0.54
U0071,A06,2,1,1,0.58
U0072,A04,4,1,0,0.68
U0072,A01,4,1,1,0.86
U0072,A02,5,1,1,1.0
U0073,A13,1,1,0,0.26
U0073,A05,1,1,0,0.26
U0073,A10,2,1,1,0.58
U0073,A09,3,1,1,0.72
U0073,A04,1,1,0,0.26
U0073,A08,1,1,1,0.44
U0073,A02,1,1,0,0.26
U0073,A01,1,1,0,0.26
U0073,A15,2,1,1,0.58
U0073,A11,1,1,1,0.44
U0074,A05,4,1,1,0.86
U0074,A04,4,1,1,0.86
U0074,A11,5,1,1,1.0
U0074,A09,1,1,1,0.44
U0074,A10,5,1,1,1.0
U0074,A03,1,1,0,0.26
U0074,A12,2,1,0,0.4
U0074,A14,2,1,0,0.4
U0075,A01,2,1,0,0.4
U0075,A05,4,1,1,0.86
U0075,A15,2,1,0,0.4
U0075,A12,1,1,1,0.44
U0075,A08,3,1,1,0.72
U0075,A03,2,1,0,0.4
U0075,A09,3,1,0,0.54
U0076,A15,3,1,1,0.72
U0076,A12,2,1,0,0.4
U0076,A02,1,1,0,0.26
U0077,A09,4,1,1,0.86
U0077,A01,3,1,1,0.72
U0077,A07,2,1,0,0.4
U0077,A02,3,1,1,0.72
U0077,A11,3,1,1,0.72
U0077,A10,3,1,1,0.72
U0077,A03,5,1,1,1.0
U0077,A13,3,1,0,0.54
U0078,A10,2,1,0,0.4
U0078,A01,5,1,1,1.0
U0078,A03,4,1,1,0.86
U0078,A02,3,1,1,0.72
U0079,A11,4,1,0,0.68
U0079,A12,2,1,1,0.58
U0079,A10,2,1,0,0.4
U0079,A02,3,1,0,0.54
U0079,A05,4,1,0,0.68
U0079,A14,3,1,0,0.54
U0079,A03,3,1,0,0.54
U0079,A06,5,1,1,1.0
U0079,A07,5,1,1,1.0
U0079,A09,3,1,0,0.54
U0080,A11,5,1,0,0.82
U0080,A04,4,1,1,0.86
U0080,A15,3,1,1,0.72
U0080,A08,5,1,1,1.0
U0080,A06,5,1,1,1.0
U0080,A07,5,1,0,0.82
U0080,A12,3,1,0,0.54
U0081,A02,3,1,1,0.72
U0081,A05,5,1,0,0.82
U0081,A12,2,1,0,0.4
U0081,A03,4,1,1,0.86
U0081,A08,1,1,0,0.26
U0081,A11,2,1,0,0.4
U0082,A11,4,1,1,0.86
U0082,A13,3,1,1,0.72
U0082,A07,3,1,1,0.72
U0082,A02,4,1,1,0.86
U0082,A05,3,1,0,0.54
U0083,A08,5,1,1,1.0
U0083,A09,2,1,0,0.4
U0083,A10,2,1,0,0.4
U0083,A12,3,1,1,0.72
U0083,A04,4,1,1,0.86
U0083,A13,2,1,1,0.58
U0083,A06,3,1,1,0.72
U0084,A12,1,1,0,0.26
U0084,A11,4,1,0,0.68
U0084,A05,2,1,0,0.4
U0084,A03,5,1,1,1.0
U0084,A09,3,1,1,0.72
U0085,A01,4,1,1,0.86
U0085,A12,3,1,0,0.54
U0085,A04,4,1,1,0.86
U0085,A07,3,1,1,0.72
U0085,A15,4,1,1,0.86
U0086,A02,2,1,0,0.4
U0086,A14,2,1,1,0.58
U0086,A12,3,1,0,0.54
U0086,A01,1,1,0,0.26
U0086,A05,4,1,1,0.86
U0086,A04,3,1,1,0.72
U0087,A01,4,1,1,0.86
U0087,A14,3,1,0,0.54
U0087,A02,4,1,1,0.86
U0087,A08,1,1,0,0.26
U0087,A05,2,1,0,0.4
U0087,A07,2,1,0,0.4
U0088,A15,2,1,1,0.58
U0088,A05,4,1,0,0.68
U0088,A01,1,1,0,0.26
U0089,A11,2,1,0,0.4
U0089,A01,4,1,1,0.86
U0089,A08,2,1,0,0.4
U0089,A06,2,1,1,0.58
U0089,A07,3,1,0,0.54
U0089,A03,4,1,1,0.86
U0090,A07,5,1,1,1.0
U0090,A05,3,1,0,0.54
U0090,A13,3,1,0,0.54
U0090,A08,4,1,1,0.86
U0090,A11,5,1,1,1.0
U0090,A01,5,1,1,1.0
U0090,A02,4,1,1,0.86
U0090,A10,2,1,1,0.58
U0090,A03,4,1,1,0.86
U0091,A09,3,1,1,0.72
U0091,A06,4,1,0,0.68
U0091,A13,2,1,0,0.4
U0091,A10,3,1,0,0.54
U0091,A11,3,1,1,0.72
U0091,A07,3,1,0,0.54
U0092,A13,2,1,0,0.4
U0092,A05,4,1,1,0.86
U0092,A12,2,1,0,0.4
U0092,A15,3,1,1,0.72
U0092,A03,1,1,0,0.26
U0092,A10,1,1,1,0.44
U0093,A12,2,1,0,0.4
U0093,A07,1,1,1,0.44
U0093,A10,2,1,0,0.4
U0094,A09,1,1,0,0.26
U0094,A04,2,1,0,0.4
U0094,A03,2,1,0,0.4
U0094,A02,3,1,0,0.54
U0094,A12,3,1,0,0.54
U0094,A07,1,1,0,0.26
U0095,A01,4,1,1,0.86
U0095,A02,5,1,0,0.82
U0095,A13,3,1,1,0.72
U0095,A03,4,1,1,0.86
U0095,A10,3,1,1,0.72
U0095,A07,1,1,0,0.26
U0095,A04,1,1,0,0.26
U0095,A06,2,1,1,0.58
U0095,A05,3,1,1,0.72
U0095,A08,1,1,0,0.26
U0096,A15,3,1,0,0.54
U0096,A13,4,1,1,0.86
U0096,A10,3,1,1,0.72
U0096,A07,1,1,0,0.26
U0096,A05,5,1,1,1.0
U0097,A04,5,1,0,0.82
U0097,A11,3,1,1,0.72
U0097,A01,4,1,0,0.68
U0098,A06,4,1,1,0.86
U0098,A04,4,1,0,0.68
U0098,A11,5,1,1,1.0
U0098,A08,4,1,1,0.86
U0098,A09,2,1,1,0.58
U0098,A07,4,1,0,0.68
U0098,A13,3,1,0,0.54
U0098,A05,4,1,1,0.86
U0099,A08,3,1,1,0.72
U0099,A10,2,1,0,0.4
U0099,A15,1,1,1,0.44
U0099,A09,2,1,0,0.4
U0099,A11,2,1,1,0.58
U0099,A07,2,1,0,0.4
U0100,A06,1,1,0,0.26
U0100,A08,1,1,1,0.44
U0100,A07,1,1,1,0.44
U0100,A13,2,1,0,0.4
U0100,A01,5,1,1,1.0
U0100,A04,5,1,1,1.0
U0100,A05,5,1,1,1.0
U0101,A15,2,1,1,0.58
U0101,A02,4,1,1,0.86
U0101,A04,5,1,1,1.0
U0101,A06,5,1,1,1.0
U0101,A14,1,1,1,0.44
U0101,A10,2,1,1,0.58
U0101,A08,4,1,1,0.86
U0101,A05,5,1,1,1.0
U0102,A06,5,1,0,0.82
U0102,A09,4,1,0,0.68
U0102,A13,3,1,0,0.54
U0102,A08,5,1,1,1.0
U0102,A07,4,1,0,0.68
U0102,A02,3,1,0,0.54
U0102,A03,4,1,0,0.68
U0102,A04,3,1,1,0.72
U0102,A11,5,1,1,1.0
U0103,A04,4,1,1,0.86
U0103,A05,5,1,1,1.0
U0103,A11,3,1,1,0.72
U0103,A06,5,1,1,1.0
U0103,A12,3,1,1,0.72
U0103,A13,2,1,0,0.4
U0103,A15,2,1,1,0.58
U0104,A06,5,1,1,1.0
U0104,A08,5,1,1,1.0
U0104,A07,5,1,1,1.0
U0104,A01,1,1,1,0.44
U0104,A12,1,1,1,0.44
U0104,A11,3,1,1,0.72
U0105,A04,2,1,1,0.58
U0105,A14,1,1,0,0.26
U0105,A02,4,1,1,0.86
U0105,A15,2,1,0,0.4
U0105,A09,2,1,1,0.58
U0105,A12,3,1,1,0.72
U0105,A13,1,1,0,0.26
U0106,A08,2,1,0,0.4
U0106,A03,4,1,0,0.68
U0106,A15,2,1,0,0.4
U0106,A02,4,1,1,0.86
U0106,A12,2,1,1,0.58
U0106,A11,3,1,0,0.54
U0106,A05,4,1,1,0.86
U0106,A10,3,1,0,0.54
U0106,A06,3,1,1,0.72
U0107,A04,3,1,1,0.72
U0107,A08,5,1,1,1.0
U0107,A15,3,1,0,0.54
U0107,A13,3,1,1,0.72
U0107,A09,3,1,0,0.54
U0107,A07,5,1,0,0.82
U0107,A06,4,1,0,0.68
U0107,A03,1,1,0,0.26
U0108,A04,5,1,0,0.82
U0108,A03,3,1,0,0.54
U0108,A05,5,1,1,1.0
U0109,A12,3,1,1,0.72
U0109,A03,4,1,1,0.86
U0109,A15,3,1,0,0.54
U0109,A01,5,1,0,0.82
U0109,A10,3,1,0,0.54
U0109,A13,2,1,0,0.4
U0110,A05,1,1,1,0.44
U0110,A11,5,1,1,1.0
U0110,A01,5,1,0,0.82
U0110,A06,4,1,1,0.86
U0110,A08,3,1,1,0.72
U0110,A10,2,1,0,0.4
U0110,A09,3,1,1,0.72
U0110,A02,3,1,1,0.72
U0111,A04,3,1,1,0.72
U0111,A06,3,1,0,0.54
U0111,A03,3,1,1,0.72
U0111,A10,2,1,0,0.4
U0111,A15,3,1,0,0.54
U0111,A09,3,1,0,0.54
U0111,A01,5,1,1,1.0
U0111,A13,2,1,0,0.4
U0112,A14,3,1,0,0.54
U0112,A13,1,1,0,0.26
U0112,A12,2,1,1,0.58
U0112,A05,3,1,0,0.54
U0112,A08,1,1,0,0.26
U0112,A04,1,1,0,0.26
U0112,A10,2,1,0,0.4
U0112,A15,3,1,0,0.54
U0113,A01,1,1,1,0.44
U0113,A04,5,1,1,1.0
U0113,A11,3,1,1,0.72
U0113,A15,1,1,1,0.44
U0113,A12,2,1,1,0.58
U0113,A06,4,1,0,0.68
U0113,A05,4,1,1,0.86
U0113,A13,2,1,0,0.4
U0113,A09,4,1,1,0.86
U0114,A11,3,1,0,0.54
U0114,A01,5,1,1,1.0
U0114,A05,5,1,0,0.82
U0114,A14,2,1,0,0.4
U0114,A02,3,1,0,0.54
U0114,A15,3,1,1,0.72
U0114,A03,4,1,1,0.86
U0115,A07,3,1,0,0.54
U0115,A09,4,1,1,0.86
U0115,A10,3,1,0,0.54
U0115,A01,1,1,0,0.26
U0115,A08,4,1,1,0.86
U0116,A03,2,1,0,0.4
U0116,A08,3,1,0,0.54
U0116,A05,1,1,0,0.26
U0116,A09,3,1,0,0.54
U0116,A13,1,1,1,0.44
U0116,A06,2,1,1,0.58
U0116,A12,3,1,0,0.54
U0117,A07,5,1,0,0.82
U0117,A11,5,1,1,1.0
U0117,A01,4,1,1,0.86
U0117,A15,2,1,1,0.58
U0118,A13,2,1,0,0.4
U0118,A06,3,1,0,0.54
U0118,A15,2,1,0,0.4
U0118,A08,4,1,0,0.68
U0119,A11,1,1,0,0.26
U0119,A01,4,1,0,0.68
U0119,A02,4,1,1,0.86
U0119,A09,1,1,1,0.44
U0119,A06,3,1,1,0.72
U0119,A15,1,1,1,0.44
U0119,A08,1,1,0,0.26
U0119,A04,3,1,0,0.54
U0119,A07,2,1,1,0.58
U0120,A08,5,1,1,1.0
U0120,A07,4,1,1,0.86
U0120,A15,3,1,1,0.72
U0120,A09,3,1,0,0.54
U0120,A06,5,1,0,0.82
U0121,A04,4,1,1,0.86
U0121,A08,3,1,1,0.72
U0121,A11,5,1,0,0.82
U0121,A05,4,1,1,0.86
U0121,A10,3,1,1,0.72
U0121,A09,4,1,1,0.86
U0121,A12,2,1,1,0.58
U0121,A01,1,1,0,0.26
U0121,A06,4,1,1,0.86
U0121,A15,2,1,1,0.58
U0122,A01,5,1,1,1.0
U0122,A07,4,1,0,0.68
U0122,A04,4,1,1,0.86
U0122,A09,2,1,1,0.58
U0122,A15,3,1,0,0.54
U0122,A06,3,1,1,0.72
U0122,A10,4,1,0,0.68
U0123,A06,3,1,1,0.72
U0123,A14,3,1,0,0.54
U0123,A15,1,1,0,0.26
U0123,A07,5,1,0,0.82
U0123,A12,3,1,0,0.54
U0123,A08,4,1,1,0.86
U0123,A02,3,1,1,0.72
U0124,A05,5,1,1,1.0
U0124,A08,3,1,0,0.54
U0124,A07,2,1,0,0.4
U0124,A01,5,1,1,1.0
U0124,A11,3,1,0,0.54
U0124,A03,4,1,1,0.86
U0124,A02,5,1,1,1.0
U0125,A14,3,1,0,0.54
U0125,A12,4,1,1,0.86
U0125,A15,3,1,1,0.72
U0125,A11,2,1,0,0.4
U0125,A06,3,1,1,0.72
U0125,A09,3,1,0,0.54
U0125,A10,3,1,0,0.54
U0125,A01,4,1,0,0.68
U0125,A08,3,1,0,0.54
U0125,A02,5,1,0,0.82
U0126,A14,1,1,0,0.26
U0126,A06,2,1,0,0.4
U0126,A02,1,1,1,0.44
U0126,A04,4,1,0,0.68
U0126,A05,5,1,1,1.0
U0126,A11,1,1,0,0.26
U0126,A13,3,1,0,0.54
U0126,A12,2,1,0,0.4
U0126,A09,4,1,1,0.86
U0127,A12,4,1,0,0.68
U0127,A14,2,1,1,0.58
U0127,A05,2,1,0,0.4
U0127,A13,3,1,1,0.72
U0127,A09,3,1,0,0.54
U0127,A07,4,1,0,0.68
U0127,A04,3,1,1,0.72
U0128,A03,5,1,1,1.0
U0128,A01,3,1,1,0.72
U0128,A05,5,1,0,0.82
U0128,A14,2,1,0,0.4
U0128,A06,3,1,0,0.54
U0128,A13,2,1,0,0.4
U0128,A08,3,1,0,0.54
U0128,A04,4,1,1,0.86
U0128,A07,3,1,0,0.54
U0128,A02,4,1,1,0.86
U0129,A06,4,1,0,0.68
U0129,A05,2,1,0,0.4
U0129,A04,3,1,1,0.72
U0129,A03,4,1,1,0.86
U0129,A07,4,1,1,0.86
U0129,A08,4,1,1,0.86
U0130,A05,5,1,1,1.0
U0130,A08,2,1,0,0.4
U0130,A06,2,1,1,0.58
U0130,A10,4,1,0,0.68
U0130,A09,3,1,0,0.54
U0131,A15,2,1,0,0.4
U0131,A05,4,1,0,0.68
U0131,A13,2,1,0,0.4
U0131,A03,3,1,1,0.72
U0131,A10,2,1,0,0.4
U0132,A15,2,1,0,0.4
U0132,A03,5,1,0,0.82
U0132,A08,1,1,1,0.44
U0132,A10,2,1,1,0.58
U0133,A01,4,1,0,0.68
U0133,A06,2,1,0,0.4
U0133,A11,2,1,0,0.4
U0133,A09,3,1,0,0.54
U0134,A08,3,1,0,0.54
U0134,A09,4,1,0,0.68
U0134,A06,3,1,0,0.54
U0134,A15,4,1,1,0.86
U0134,A07,3,1,1,0.72
U0134,A13,4,1,0,0.68
U0134,A12,1,1,0,0.26
U0134,A05,1,1,0,0.26
U0135,A06,1,1,1,0.44
U0135,A14,3,1,1,0.72
U0135,A02,5,1,0,0.82
U0135,A12,3,1,0,0.54
U0135,A05,4,1,1,0.86
U0136,A06,4,1,0,0.68
U0136,A08,5,1,0,0.82
U0136,A04,4,1,1,0.86
U0136,A11,3,1,1,0.72
U0136,A02,3,1,1,0.72
U0136,A13,2,1,0,0.4
U0137,A11,4,1,0,0.68
U0137,A13,2,1,1,0.58
U0137,A07,3,1,1,0.72
U0137,A09,3,1,0,0.54
U0137,A04,5,1,1,1.0
U0137,A10,2,1,1,0.58
U0137,A03,1,1,1,0.44
U0138,A03,3,1,1,0.72
U0138,A05,1,1,0,0.26
U0138,A02,4,1,1,0.86
U0139,A08,3,1,0,0.54
U0139,A10,3,1,1,0.72
U0139,A12,1,1,0,0.26
U0140,A01,1,1,0,0.26
U0140,A15,3,1,0,0.54
U0140,A11,5,1,1,1.0
U0140,A08,4,1,0,0.68
U0141,A06,3,1,0,0.54
U0141,A01,5,1,0,0.82
U0141,A12,2,1,1,0.58
U0141,A07,4,1,0,0.68
U0141,A08,2,1,0,0.4
U0141,A09,2,1,0,0.4
U0141,A10,2,1,1,0.58
U0141,A03,4,1,0,0.68
U0141,A02,4,1,1,0.86
U0142,A07,3,1,1,0.72
U0142,A03,3,1,0,0.54
U0142,A11,3,1,0,0.54
U0142,A13,2,1,1,0.58
U0142,A08,4,1,1,0.86
U0142,A15,3,1,1,0.72
U0142,A06,3,1,0,0.54
U0142,A14,2,1,0,0.4
U0143,A12,3,1,0,0.54
U0143,A08,4,1,0,0.68
U0143,A01,5,1,1,1.0
U0143,A11,3,1,0,0.54
U0144,A05,4,1,0,0.68
U0144,A10,4,1,1,0.86
U0144,A02,4,1,1,0.86
U0144,A04,4,1,1,0.86
U0144,A08,4,1,1,0.86
U0144,A07,4,1,0,0.68
U0144,A13,3,1,0,0.54
U0145,A03,5,1,1,1.0
U0145,A02,4,1,0,0.68
U0145,A10,3,1,0,0.54
U0145,A06,4,1,1,0.86
U0145,A12,2,1,0,0.4
U0146,A09,2,1,0,0.4
U0146,A12,2,1,1,0.58
U0146,A01,4,1,1,0.86
U0146,A11,4,1,0,0.68
U0146,A07,3,1,0,0.54
U0146,A15,3,1,0,0.54
U0146,A10,3,1,1,0.72
U0147,A14,3,1,0,0.54
U0147,A05,2,1,0,0.4
U0147,A15,2,1,1,0.58
U0147,A12,2,1,1,0.58
U0147,A13,3,1,0,0.54
U0147,A03,4,1,1,0.86
U0147,A08,2,1,1,0.58
U0147,A01,5,1,0,0.82
U0148,A10,1,1,1,0.44
U0148,A05,2,1,1,0.58
U0148,A02,5,1,0,0.82
U0148,A07,5,1,1,1.0
U0149,A03,4,1,1,0.86
U0149,A08,5,1,1,1.0
U0149,A14,3,1,0,0.54
U0150,A08,3,1,1,0.72
U0150,A15,3,1,1,0.72
U0150,A13,3,1,0,0.54
U0151,A09,3,1,1,0.72
U0151,A04,5,1,1,1.0
U0151,A03,5,1,0,0.82
U0152,A01,4,1,1,0.86
U0152,A10,3,1,1,0.72
U0152,A03,5,1,0,0.82
U0152,A06,3,1,0,0.54
U0152,A14,2,1,1,0.58
U0152,A09,3,1,0,0.54
U0152,A15,2,1,1,0.58
U0152,A13,3,1,0,0.54
U0153,A13,4,1,0,0.68
U0153,A03,4,1,1,0.86
U0153,A11,3,1,0,0.54
U0153,A04,4,1,1,0.86
U0153,A12,2,1,0,0.4
U0154,A11,4,1,1,0.86
U0154,A14,3,1,1,0.72
U0154,A06,2,1,0,0.4
U0155,A03,4,1,1,0.86
U0155,A02,5,1,1,1.0
U0155,A15,2,1,1,0.58
U0155,A11,4,1,1,0.86
U0155,A07,5,1,0,0.82
U0155,A05,1,1,0,0.26
U0155,A12,2,1,0,0.4
U0155,A06,5,1,1,1.0
U0155,A04,1,1,1,0.44
U0155,A01,3,1,1,0.72
U0156,A08,2,1,0,0.4
U0156,A15,2,1,1,0.58
U0156,A07,1,1,0,0.26
U0157,A10,3,1,0,0.54
U0157,A12,3,1,0,0.54
U0157,A13,2,1,0,0.4
U0157,A06,4,1,0,0.68
U0158,A08,5,1,0,0.82
U0158,A10,4,1,0,0.68
U0158,A09,2,1,0,0.4
U0158,A02,5,1,0,0.82
U0158,A11,4,1,1,0.86
U0158,A06,5,1,0,0.82
U0158,A07,5,1,1,1.0
U0158,A15,2,1,1,0.58
U0158,A14,3,1,0,0.54
U0159,A10,3,1,0,0.54
U0159,A03,1,1,1,0.44
U0159,A06,1,1,0,0.26
U0159,A13,3,1,0,0.54
U0159,A02,2,1,1,0.58
U0159,A09,1,1,1,0.44
U0159,A04,3,1,1,0.72
U0159,A12,2,1,1,0.58
U0159,A05,2,1,0,0.4
U0160,A01,5,1,1,1.0
U0160,A11,5,1,1,1.0
U0160,A10,3,1,0,0.54
U0160,A09,2,1,0,0.4
U0160,A07,5,1,1,1.0
U0160,A14,2,1,0,0.4
U0160,A06,5,1,1,1.0
U0160,A12,3,1,1,0.72
U0160,A05,4,1,0,0.68
U0161,A03,4,1,1,0.86
U0161,A02,3,1,1,0.72
U0161,A05,4,1,1,0.86
U0161,A12,3,1,0,0.54
U0161,A10,3,1,1,0.72
U0161,A09,4,1,1,0.86
U0161,A15,3,1,0,0.54
U0161,A07,1,1,1,0.44
U0161,A01,5,1,0,0.82
U0161,A14,3,1,0,0.54
U0162,A04,2,1,1,0.58
U0162,A02,4,1,0,0.68
U0162,A05,1,1,0,0.26
U0162,A13,1,1,1,0.44
U0163,A02,4,1,0,0.68
U0163,A09,3,1,1,0.72
U0163,A15,3,1,1,0.72
U0163,A06,4,1,1,0.86
U0163,A07,2,1,1,0.58
U0163,A03,4,1,0,0.68
U0163,A10,3,1,1,0.72
U0163,A12,2,1,1,0.58
U0163,A08,3,1,1,0.72
U0164,A13,3,1,0,0.54
U0164,A02,3,1,1,0.72
U0164,A08,2,1,0,0.4
U0165,A09,4,1,0,0.68
U0165,A14,4,1,0,0.68
U0165,A07,5,1,1,1.0
U0165,A12,3,1,1,0.72
U0166,A02,4,1,1,0.86
U0166,A05,4,1,0,0.68
U0166,A08,5,1,0,0.82
U0166,A04,5,1,1,1.0
U0166,A13,4,1,1,0.86
U0166,A11,4,1,1,0.86
U0166,A10,3,1,1,0.72
U0167,A11,2,1,0,0.4
U0167,A07,4,1,1,0.86
U0167,A03,4,1,1,0.86
U0168,A12,3,1,0,0.54
U0168,A02,4,1,1,0.86
U0168,A01,4,1,0,0.68
U0168,A08,1,1,1,0.44
U0168,A13,3,1,1,0.72
U0168,A04,4,1,1,0.86
U0168,A15,3,1,0,0.54
U0169,A07,3,1,0,0.54
U0169,A06,3,1,1,0.72
U0169,A02,5,1,1,1.0
U0169,A10,1,1,0,0.26
U0169,A15,3,1,1,0.72
U0169,A08,4,1,1,0.86
U0169,A11,3,1,1,0.72
U0169,A01,3,1,0,0.54
U0169,A03,4,1,1,0.86
U0170,A09,3,1,1,0.72
U0170,A01,1,1,0,0.26
U0170,A14,2,1,1,0.58
U0170,A04,3,1,1,0.72
U0170,A08,2,1,1,0.58
U0170,A11,3,1,1,0.72
U0171,A07,4,1,1,0.86
U0171,A11,4,1,0,0.68
U0171,A12,3,1,0,0.54
U0171,A02,2,1,1,0.58
U0171,A13,3,1,1,0.72
U0171,A08,4,1,1,0.86
U0171,A06,5,1,1,1.0
U0172,A13,1,1,1,0.44
U0172,A07,2,1,1,0.58
U0172,A02,4,1,0,0.68
U0172,A06,1,1,0,0.26
U0172,A10,3,1,1,0.72
U0172,A12,2,1,0,0.4
U0172,A15,3,1,1,0.72
U0172,A03,5,1,0,0.82
U0173,A10,2,1,0,0.4
U0173,A09,2,1,0,0.4
U0173,A02,4,1,1,0.86
U0174,A01,4,1,0,0.68
U0174,A13,2,1,1,0.58
U0174,A11,4,1,0,0.68
U0175,A05,5,1,1,1.0
U0175,A15,1,1,1,0.44
U0175,A07,3,1,1,0.72
U0175,A04,5,1,1,1.0
U0175,A10,2,1,1,0.58
U0175,A13,2,1,0,0.4
U0176,A05,4,1,0,0.68
U0176,A06,4,1,1,0.86
U0176,A10,2,1,1,0.58
U0176,A13,4,1,1,0.86
U0176,A11,5,1,1,1.0
U0176,A08,4,1,1,0.86
U0176,A07,4,1,0,0.68
U0176,A03,2,1,0,0.4
U0177,A14,3,1,1,0.72
U0177,A04,3,1,1,0.72
U0177,A03,3,1,0,0.54
U0177,A05,4,1,1,0.86
U0177,A10,3,1,0,0.54
U0177,A13,4,1,1,0.86
U0178,A12,3,1,1,0.72
U0178,A07,5,1,1,1.0
U0178,A10,1,1,0,0.26
U0178,A08,4,1,0,0.68
U0178,A01,1,1,0,0.26
U0178,A06,5,1,1,1.0
U0178,A05,4,1,0,0.68
U0179,A05,3,1,1,0.72
U0179,A10,2,1,0,0.4
U0179,A09,3,1,1,0.72
U0179,A08,4,1,1,0.86
U0179,A06,4,1,1,0.86
U0180,A03,5,1,0,0.82
U0180,A02,4,1,0,0.68
U0180,A10,4,1,0,0.68
U0180,A15,2,1,1,0.58
U0180,A08,5,1,1,1.0
U0180,A06,5,1,1,1.0
U0180,A01,5,1,0,0.82
U0180,A11,3,1,1,0.72
U0180,A12,3,1,1,0.72
U0180,A13,3,1,0,0.54
U0181,A04,1,1,0,0.26
U0181,A08,2,1,0,0.4
U0181,A11,3,1,0,0.54
U0181,A14,3,1,1,0.72
U0181,A12,3,1,1,0.72
U0181,A10,4,1,1,0.86
U0181,A15,3,1,1,0.72
U0182,A11,4,1,1,0.86
U0182,A06,4,1,1,0.86
U0182,A14,3,1,0,0.54
U0182,A01,1,1,1,0.44
U0182,A09,1,1,1,0.44
U0182,A04,2,1,1,0.58
U0183,A09,2,1,1,0.58
U0183,A13,3,1,1,0.72
U0183,A07,4,1,1,0.86
U0183,A06,5,1,0,0.82
U0183,A11,5,1,0,0.82
U0183,A12,4,1,0,0.68
U0184,A10,2,1,1,0.58
U0184,A12,3,1,0,0.54
U0184,A04,4,1,0,0.68
U0184,A06,1,1,1,0.44
U0184,A03,4,1,1,0.86
U0184,A08,2,1,0,0.4
U0184,A02,4,1,1,0.86
U0185,A06,5,1,1,1.0
U0185,A07,4,1,1,0.86
U0185,A10,2,1,0,0.4
U0185,A14,2,1,0,0.4
U0185,A13,3,1,1,0.72
U0185,A11,4,1,0,0.68
U0185,A09,1,1,0,0.26
U0185,A08,4,1,1,0.86
U0186,A07,3,1,1,0.72
U0186,A10,2,1,0,0.4
U0186,A13,2,1,1,0.58
U0186,A09,4,1,0,0.68
U0186,A03,2,1,1,0.58
U0186,A05,1,1,1,0.44
U0186,A04,1,1,0,0.26
U0186,A15,2,1,1,0.58
U0186,A14,2,1,1,0.58
U0187,A02,5,1,0,0.82
U0187,A11,1,1,0,0.26
U0187,A03,5,1,1,1.0
U0187,A01,4,1,0,0.68
U0187,A08,1,1,0,0.26
U0187,A09,2,1,1,0.58
U0188,A05,3,1,1,0.72
U0188,A09,2,1,0,0.4
U0188,A08,2,1,0,0.4
U0188,A04,2,1,1,0.58
U0188,A07,2,1,0,0.4
U0189,A13,2,1,0,0.4
U0189,A15,4,1,0,0.68
U0189,A03,3,1,1,0.72
U0189,A11,3,1,0,0.54
U0189,A01,4,1,1,0.86
U0189,A06,3,1,0,0.54
U0189,A07,2,1,1,0.58
U0189,A08,3,1,1,0.72
U0189,A14,3,1,0,0.54
U0190,A06,2,1,0,0.4
U0190,A01,2,1,1,0.58
U0190,A03,3,1,1,0.72
U0191,A09,2,1,1,0.58
U0191,A10,2,1,1,0.58
U0191,A05,3,1,1,0.72
U0191,A03,1,1,0,0.26
U0191,A12,1,1,0,0.26
U0191,A08,3,1,1,0.72
U0191,A06,2,1,1,0.58
U0191,A11,3,1,0,0.54
U0191,A02,1,1,0,0.26
U0192,A04,5,1,1,1.0
U0192,A14,1,1,0,0.26
U0192,A12,1,1,0,0.26
U0192,A13,3,1,0,0.54
U0192,A09,3,1,1,0.72
U0192,A08,3,1,0,0.54
U0192,A05,4,1,1,0.86
U0193,A05,4,1,1,0.86
U0193,A08,3,1,0,0.54
U0193,A01,5,1,1,1.0
U0193,A10,3,1,1,0.72
U0193,A09,2,1,1,0.58
U0193,A07,3,1,0,0.54
U0193,A04,5,1,1,1.0
U0193,A02,5,1,0,0.82
U0194,A05,5,1,1,1.0
U0194,A09,4,1,1,0.86
U0194,A13,2,1,0,0.4
U0194,A04,5,1,1,1.0
U0194,A10,2,1,1,0.58
U0194,A15,3,1,0,0.54
U0194,A11,2,1,0,0.4
U0194,A06,2,1,0,0.4
U0194,A07,2,1,1,0.58
U0195,A10,4,1,0,0.68
U0195,A06,5,1,1,1.0
U0195,A02,3,1,1,0.72
U0195,A03,5,1,1,1.0
U0195,A14,1,1,1,0.44
U0195,A13,5,1,0,0.82
U0196,A02,1,1,1,0.44
U0196,A12,2,1,0,0.4
U0196,A05,5,1,1,1.0
U0196,A07,5,1,1,1.0
U0197,A04,3,1,1,0.72
U0197,A06,3,1,1,0.72
U0197,A07,5,1,1,1.0
U0198,A06,2,1,1,0.58
U0198,A04,1,1,0,0.26
U0198,A07,2,1,1,0.58
U0199,A04,3,1,0,0.54
U0199,A01,2,1,0,0.4
U0199,A14,3,1,1,0.72
U0200,A05,2,1,0,0.4
U0200,A04,2,1,0,0.4
U0200,A06,3,1,0,0.54
U0200,A03,5,1,1,1.0
U0200,A12,2,1,1,0.58
U0200,A07,4,1,1,0.86
U0200,A09,3,1,0,0.54
U0200,A01,5,1,0,0.82
U0200,A14,2,1,1,0.58
U0200,A02,5,1,1,1.0
U0201,A03,4,1,1,0.86
U0201,A14,3,1,0,0.54
U0201,A02,5,1,0,0.82
U0201,A13,3,1,1,0.72
U0201,A07,2,1,0,0.4
U0201,A10,2,1,0,0.4
U0201,A11,2,1,0,0.4
U0201,A05,2,1,1,0.58
U0201,A06,3,1,1,0.72
U0202,A01,5,1,0,0.82
U0202,A07,2,1,1,0.58
U0202,A14,2,1,0,0.4
U0202,A12,2,1,0,0.4
U0202,A13,3,1,0,0.54
U0203,A04,3,1,0,0.54
U0203,A06,1,1,1,0.44
U0203,A13,2,1,0,0.4
U0203,A14,2,1,0,0.4
U0203,A11,4,1,0,0.68
U0203,A05,2,1,0,0.4
U0203,A15,2,1,0,0.4
U0203,A09,3,1,1,0.72
U0204,A09,4,1,1,0.86
U0204,A01,5,1,0,0.82
U0204,A10,3,1,0,0.54
U0205,A11,5,1,1,1.0
U0205,A07,4,1,0,0.68
U0205,A08,4,1,1,0.86
U0205,A12,3,1,0,0.54
U0205,A10,3,1,1,0.72
U0205,A02,5,1,1,1.0
U0205,A09,2,1,1,0.58
U0205,A04,5,1,0,0.82
U0205,A14,2,1,1,0.58
U0206,A08,3,1,1,0.72
U0206,A03,3,1,1,0.72
U0206,A02,4,1,1,0.86
U0206,A07,4,1,1,0.86
U0206,A01,4,1,1,0.86
U0206,A09,3,1,1,0.72
U0207,A12,2,1,1,0.58
U0207,A08,2,1,1,0.58
U0207,A05,4,1,1,0.86
U0207,A09,3,1,1,0.72
U0207,A15,3,1,1,0.72
U0207,A07,3,1,1,0.72
U0207,A14,1,1,1,0.44
U0207,A06,3,1,0,0.54
U0207,A02,1,1,1,0.44
U0208,A02,4,1,0,0.68
U0208,A03,4,1,0,0.68
U0208,A11,3,1,1,0.72
U0208,A04,3,1,0,0.54
U0208,A09,3,1,1,0.72
U0208,A01,3,1,0,0.54
U0208,A06,3,1,0,0.54
U0208,A13,3,1,1,0.72
U0209,A05,3,1,0,0.54
U0209,A01,5,1,1,1.0
U0209,A06,4,1,1,0.86
U0209,A04,2,1,1,0.58
U0210,A06,2,1,0,0.4
U0210,A01,4,1,0,0.68
U0210,A03,5,1,1,1.0
U0210,A05,5,1,0,0.82
U0210,A15,2,1,0,0.4
U0211,A10,3,1,1,0.72
U0211,A03,3,1,0,0.54
U0211,A02,2,1,1,0.58
U0211,A14,2,1,0,0.4
U0211,A04,5,1,0,0.82
U0212,A09,2,1,0,0.4
U0212,A01,2,1,0,0.4
U0212,A13,3,1,0,0.54
U0212,A15,4,1,0,0.68
U0213,A05,2,1,0,0.4
U0213,A07,5,1,1,1.0
U0213,A12,2,1,1,0.58
U0213,A11,4,1,1,0.86
U0214,A05,4,1,0,0.68
U0214,A15,4,1,0,0.68
U0214,A11,4,1,0,0.68
U0214,A13,3,1,0,0.54
U0214,A03,2,1,0,0.4
U0214,A08,3,1,0,0.54
U0214,A07,4,1,0,0.68
U0214,A09,3,1,0,0.54
U0214,A06,3,1,0,0.54
U0215,A02,4,1,0,0.68
U0215,A03,3,1,1,0.72
U0215,A10,4,1,1,0.86
U0215,A12,2,1,0,0.4
U0215,A07,1,1,0,0.26
U0215,A14,2,1,1,0.58
U0216,A03,5,1,1,1.0
U0216,A07,2,1,0,0.4
U0216,A13,2,1,0,0.4
U0216,A05,4,1,1,0.86
U0216,A12,3,1,1,0.72
U0216,A04,3,1,0,0.54
U0216,A01,5,1,1,1.0
U0216,A09,3,1,1,0.72
U0217,A05,3,1,1,0.72
U0217,A08,1,1,0,0.26
U0217,A12,4,1,0,0.68
U0217,A14,3,1,1,0.72
U0217,A07,4,1,1,0.86
U0217,A06,3,1,0,0.54
U0217,A15,3,1,0,0.54
U0218,A01,4,1,1,0.86
U0218,A11,2,1,0,0.4
U0218,A07,3,1,1,0.72
U0218,A06,4,1,1,0.86
U0218,A09,3,1,0,0.54
U0218,A10,4,1,0,0.68
U0218,A12,3,1,0,0.54
U0218,A03,2,1,1,0.58
U0218,A02,4,1,1,0.86
U0218,A13,1,1,1,0.44
U0219,A09,2,1,1,0.58
U0219,A04,5,1,1,1.0
U0219,A11,4,1,1,0.86
U0219,A10,2,1,0,0.4
U0219,A12,3,1,1,0.72
U0219,A15,3,1,1,0.72
U0219,A06,3,1,1,0.72
U0219,A02,1,1,0,0.26
U0219,A14,2,1,0,0.4
U0219,A03,1,1,1,0.44
U0220,A13,2,1,0,0.4
U0220,A11,5,1,1,1.0
U0220,A14,3,1,1,0.72
U0220,A06,5,1,1,1.0
U0220,A05,4,1,0,0.68
U0220,A04,4,1,1,0.86
U0220,A02,2,1,0,0.4
U0221,A03,5,1,1,1.0
U0221,A10,2,1,1,0.58
U0221,A09,1,1,0,0.26
U0221,A06,2,1,0,0.4
U0221,A07,1,1,0,0.26
U0221,A04,5,1,1,1.0
U0221,A02,2,1,0,0.4
U0221,A14,2,1,1,0.58
U0222,A09,2,1,1,0.58
U0222,A01,5,1,1,1.0
U0222,A04,3,1,0,0.54
U0223,A02,2,1,1,0.58
U0223,A12,2,1,1,0.58
U0223,A04,5,1,1,1.0
U0223,A03,4,1,0,0.68
U0223,A07,4,1,1,0.86
U0223,A11,4,1,1,0.86
U0224,A05,3,1,1,0.72
U0224,A10,3,1,0,0.54
U0224,A09,3,1,1,0.72
U0224,A14,3,1,0,0.54
U0225,A07,3,1,1,0.72
U0225,A11,3,1,1,0.72
U0225,A04,5,1,1,1.0
U0225,A14,4,1,1,0.86
U0225,A01,3,1,0,0.54
U0225,A09,3,1,1,0.72
U0225,A08,4,1,0,0.68
U0225,A05,4,1,0,0.68
U0226,A05,4,1,1,0.86
U0226,A12,2,1,1,0.58
U0226,A06,3,1,1,0.72
U0226,A13,3,1,0,0.54
U0226,A08,3,1,1,0.72
U0226,A11,3,1,0,0.54
U0226,A07,2,1,1,0.58
U0227,A03,4,1,0,0.68
U0227,A12,2,1,0,0.4
U0227,A07,3,1,0,0.54
U0227,A09,2,1,1,0.58
U0227,A01,4,1,0,0.68
U0228,A08,5,1,0,0.82
U0228,A13,2,1,1,0.58
U0228,A04,2,1,1,0.58
U0228,A10,2,1,1,0.58
U0228,A05,3,1,1,0.72
U0228,A11,5,1,0,0.82
U0228,A15,4,1,0,0.68
U0229,A03,4,1,1,0.86
U0229,A05,2,1,1,0.58
U0229,A11,4,1,1,0.86
U0229,A06,3,1,0,0.54
U0229,A09,2,1,0,0.4
U0229,A01,5,1,1,1.0
U0229,A04,3,1,0,0.54
U0229,A08,3,1,0,0.54
U0230,A08,5,1,0,0.82
U0230,A11,5,1,1,1.0
U0230,A06,5,1,1,1.0
U0230,A13,3,1,1,0.72
U0230,A07,4,1,1,0.86
U0230,A05,3,1,0,0.54
U0230,A15,3,1,1,0.72
U0230,A04,5,1,1,1.0
U0230,A12,2,1,0,0.4
U0231,A15,2,1,1,0.58
U0231,A07,1,1,0,0.26
U0231,A02,4,1,1,0.86
U0231,A14,2,1,0,0.4
U0231,A06,1,1,1,0.44
U0231,A11,2,1,0,0.4
U0231,A01,4,1,1,0.86
U0231,A10,1,1,0,0.26
U0231,A04,3,1,0,0.54
U0232,A07,2,1,0,0.4
U0232,A15,2,1,1,0.58
U0232,A01,2,1,0,0.4
U0232,A14,2,1,0,0.4
U0233,A15,3,1,1,0.72
U0233,A01,2,1,1,0.58
U0233,A09,2,1,0,0.4
U0234,A05,4,1,1,0.86
U0234,A04,5,1,0,0.82
U0234,A12,3,1,1,0.72
U0234,A09,3,1,1,0.72
U0234,A14,2,1,1,0.58
U0234,A10,2,1,1,0.58
U0234,A08,3,1,1,0.72
U0234,A15,2,1,0,0.4
U0234,A11,3,1,0,0.54
U0235,A07,1,1,0,0.26
U0235,A08,3,1,0,0.54
U0235,A12,3,1,0,0.54
U0235,A09,3,1,0,0.54
U0235,A13,2,1,0,0.4
U0235,A10,2,1,1,0.58
U0235,A03,1,1,0,0.26
U0235,A06,3,1,0,0.54
U0235,A04,1,1,0,0.26
U0236,A05,2,1,1,0.58
U0236,A13,2,1,0,0.4
U0236,A03,4,1,1,0.86
U0236,A04,3,1,1,0.72
U0236,A02,4,1,0,0.68
U0236,A06,5,1,1,1.0
U0237,A15,3,1,1,0.72
U0237,A04,5,1,1,1.0
U0237,A10,3,1,0,0.54
U0237,A08,2,1,1,0.58
U0237,A02,4,1,0,0.68
U0237,A11,4,1,0,0.68
U0238,A02,3,1,1,0.72
U0238,A10,1,1,1,0.44
U0238,A04,3,1,1,0.72
U0238,A11,3,1,1,0.72
U0238,A01,3,1,1,0.72
U0238,A08,4,1,1,0.86
U0239,A11,2,1,0,0.4
U0239,A01,5,1,1,1.0
U0239,A05,4,1,0,0.68
U0240,A13,3,1,0,0.54
U0240,A15,4,1,1,0.86
U0240,A14,4,1,1,0.86
U0240,A03,1,1,0,0.26
U0240,A04,4,1,1,0.86
U0241,A10,3,1,0,0.54
U0241,A08,4,1,1,0.86
U0241,A03,1,1,0,0.26
U0241,A06,4,1,1,0.86
U0242,A08,3,1,1,0.72
U0242,A05,3,1,0,0.54
U0242,A06,4,1,1,0.86
U0243,A12,4,1,1,0.86
U0243,A08,3,1,1,0.72
U0243,A09,2,1,1,0.58
U0244,A04,2,1,1,0.58
U0244,A06,4,1,1,0.86
U0244,A15,5,1,0,0.82
U0244,A03,4,1,1,0.86
U0245,A13,2,1,0,0.4
U0245,A10,2,1,0,0.4
U0245,A03,1,1,0,0.26
U0245,A04,2,1,0,0.4
U0245,A02,1,1,0,0.26
U0245,A06,3,1,1,0.72
U0245,A07,3,1,0,0.54
U0245,A15,3,1,0,0.54
U0245,A11,3,1,0,0.54
U0246,A02,5,1,1,1.0
U0246,A10,3,1,1,0.72
U0246,A14,3,1,0,0.54
U0246,A07,2,1,0,0.4
U0246,A04,4,1,0,0.68
U0247,A15,1,1,0,0.26
U0247,A06,1,1,1,0.44
U0247,A08,1,1,0,0.26
U0247,A11,1,1,0,0.26
U0247,A12,3,1,0,0.54
U0247,A05,4,1,1,0.86
U0247,A03,1,1,0,0.26
U0247,A10,3,1,1,0.72
U0247,A01,1,1,0,0.26
U0248,A10,3,1,1,0.72
U0248,A09,2,1,1,0.58
U0248,A11,4,1,1,0.86
U0248,A12,3,1,0,0.54
U0248,A13,3,1,0,0.54
U0248,A05,4,1,0,0.68
U0248,A07,5,1,1,1.0
U0248,A15,2,1,0,0.4
U0248,A06,4,1,1,0.86
U0249,A04,5,1,1,1.0
U0249,A13,3,1,0,0.54
U0249,A09,3,1,1,0.72
U0250,A07,4,1,1,0.86
U0250,A15,3,1,1,0.72
U0250,A05,3,1,0,0.54
U0250,A01,4,1,0,0.68
U0250,A06,4,1,0,0.68
U0250,A03,3,1,1,0.72
U0250,A12,3,1,1,0.72
U0251,A11,4,1,1,0.86
U0251,A04,4,1,1,0.86
U0251,A06,2,1,1,0.58
U0252,A05,5,1,1,1.0
U0252,A14,1,1,1,0.44
U0252,A04,2,1,1,0.58
U0252,A15,4,1,0,0.68
U0252,A10,3,1,0,0.54
U0253,A12,1,1,1,0.44
U0253,A02,5,1,1,1.0
U0253,A09,1,1,0,0.26
U0253,A03,5,1,1,1.0
U0253,A01,5,1,1,1.0
U0254,A07,2,1,1,0.58
U0254,A08,4,1,0,0.68
U0254,A02,3,1,0,0.54
U0254,A06,2,1,0,0.4
U0254,A03,4,1,1,0.86
U0254,A01,2,1,1,0.58
U0254,A11,2,1,1,0.58
U0255,A03,4,1,0,0.68
U0255,A13,4,1,1,0.86
U0255,A11,4,1,0,0.68
U0255,A01,4,1,1,0.86
U0255,A05,3,1,1,0.72
U0256,A14,4,1,1,0.86
U0256,A15,2,1,1,0.58
U0256,A05,1,1,0,0.26
U0256,A02,2,1,0,0.4
U0256,A10,3,1,0,0.54
U0256,A13,2,1,1,0.58
U0257,A13,2,1,1,0.58
U0257,A07,3,1,1,0.72
U0257,A02,2,1,0,0.4
U0257,A06,3,1,0,0.54
U0257,A15,4,1,0,0.68
U0257,A10,2,1,1,0.58
U0257,A04,4,1,1,0.86
U0258,A08,1,1,0,0.26
U0258,A04,5,1,1,1.0
U0258,A01,4,1,1,0.86
U0258,A09,3,1,1,0.72
U0258,A13,2,1,1,0.58
U0258,A05,4,1,1,0.86
U0258,A14,2,1,0,0.4
U0258,A12,3,1,1,0.72
U0259,A02,5,1,1,1.0
U0259,A01,5,1,0,0.82
U0259,A08,2,1,1,0.58
U0259,A07,3,1,0,0.54
U0259,A06,3,1,1,0.72
U0259,A11,2,1,0,0.4
U0259,A13,2,1,1,0.58
U0259,A04,3,1,1,0.72
U0259,A14,3,1,0,0.54
U0259,A10,4,1,0,0.68
U0260,A09,2,1,1,0.58
U0260,A01,4,1,0,0.68
U0260,A03,3,1,0,0.54
U0260,A13,2,1,0,0.4
U0260,A07,3,1,1,0.72
U0260,A14,4,1,1,0.86
U0260,A06,4,1,1,0.86
U0260,A04,3,1,0,0.54
U0260,A15,1,1,1,0.44
U0260,A02,3,1,1,0.72
U0261,A06,4,1,1,0.86
U0261,A15,1,1,1,0.44
U0261,A07,4,1,1,0.86
U0261,A11,4,1,1,0.86
U0261,A05,3,1,0,0.54
U0261,A08,4,1,1,0.86
U0261,A04,3,1,1,0.72
U0262,A09,3,1,1,0.72
U0262,A02,3,1,1,0.72
U0262,A13,3,1,1,0.72
U0263,A12,3,1,1,0.72
U0263,A03,4,1,1,0.86
U0263,A13,2,1,0,0.4
U0263,A04,3,1,0,0.54
U0263,A15,2,1,0,0.4
U0264,A06,1,1,0,0.26
U0264,A15,3,1,0,0.54
U0264,A14,3,1,1,0.72
U0264,A12,3,1,0,0.54
U0264,A13,3,1,0,0.54
U0264,A11,1,1,0,0.26
U0264,A04,5,1,0,0.82
U0265,A07,1,1,0,0.26
U0265,A12,3,1,1,0.72
U0265,A03,1,1,0,0.26
U0265,A09,3,1,1,0.72
U0265,A02,1,1,0,0.26
U0265,A06,2,1,1,0.58
U0265,A14,1,1,0,0.26
U0266,A13,1,1,0,0.26
U0266,A07,2,1,0,0.4
U0266,A01,1,1,0,0.26
U0266,A05,4,1,1,0.86
U0266,A08,3,1,0,0.54
U0266,A03,1,1,0,0.26
U0266,A09,3,1,0,0.54
U0266,A02,2,1,0,0.4
U0266,A04,5,1,0,0.82
U0266,A10,3,1,0,0.54
U0267,A06,5,1,1,1.0
U0267,A04,4,1,1,0.86
U0267,A08,3,1,1,0.72
U0267,A01,2,1,1,0.58
U0267,A07,4,1,1,0.86
U0268,A10,2,1,0,0.4
U0268,A03,3,1,0,0.54
U0268,A07,5,1,0,0.82
U0268,A04,5,1,1,1.0
U0268,A11,3,1,1,0.72
U0268,A15,2,1,0,0.4
U0269,A02,3,1,1,0.72
U0269,A03,5,1,0,0.82
U0269,A14,4,1,1,0.86
U0269,A15,2,1,1,0.58
U0269,A05,5,1,1,1.0
U0269,A08,3,1,1,0.72
U0270,A10,4,1,0,0.68
U0270,A11,2,1,0,0.4
U0270,A05,3,1,0,0.54
U0270,A14,3,1,0,0.54
U0270,A06,3,1,1,0.72
U0270,A09,2,1,1,0.58
U0271,A10,3,1,1,0.72
U0271,A15,3,1,1,0.72
U0271,A09,3,1,0,0.54
U0271,A02,1,1,0,0.26
U0272,A14,2,1,0,0.4
U0272,A03,1,1,1,0.44
U0272,A08,3,1,0,0.54
U0272,A06,3,1,1,0.72
U0272,A10,3,1,0,0.54
U0272,A11,4,1,1,0.86
U0272,A07,4,1,1,0.86
U0273,A13,3,1,0,0.54
U0273,A07,1,1,1,0.44
U0273,A04,1,1,1,0.44
U0273,A12,1,1,0,0.26
U0273,A15,2,1,1,0.58
U0273,A05,1,1,0,0.26
U0273,A06,1,1,0,0.26
U0273,A14,3,1,1,0.72
U0273,A02,1,1,0,0.26
U0273,A10,2,1,1,0.58
U0274,A05,2,1,1,0.58
U0274,A01,3,1,0,0.54
U0274,A03,3,1,0,0.54
U0274,A15,2,1,0,0.4
U0274,A07,2,1,1,0.58
U0274,A02,4,1,1,0.86
U0274,A09,3,1,0,0.54
U0274,A08,2,1,1,0.58
U0275,A01,4,1,1,0.86
U0275,A05,5,1,0,0.82
U0275,A08,2,1,0,0.4
U0275,A09,3,1,1,0.72
U0275,A10,3,1,1,0.72
U0276,A11,1,1,0,0.26
U0276,A08,2,1,0,0.4
U0276,A13,4,1,0,0.68
U0277,A12,3,1,1,0.72
U0277,A08,4,1,0,0.68
U0277,A11,4,1,1,0.86
U0277,A03,5,1,0,0.82
U0277,A13,3,1,1,0.72
U0277,A06,4,1,1,0.86
U0277,A15,2,1,1,0.58
U0277,A05,4,1,1,0.86
U0277,A01,4,1,0,0.68
U0278,A14,1,1,1,0.44
U0278,A08,1,1,0,0.26
U0278,A12,2,1,1,0.58
U0279,A01,1,1,0,0.26
U0279,A10,3,1,1,0.72
U0279,A08,4,1,1,0.86
U0279,A09,5,1,0,0.82
U0279,A06,3,1,1,0.72
U0279,A02,1,1,1,0.44
U0279,A04,4,1,0,0.68
U0280,A13,1,1,0,0.26
U0280,A14,3,1,1,0.72
U0280,A07,3,1,1,0.72
U0280,A11,2,1,0,0.4
U0280,A05,4,1,0,0.68
U0281,A07,4,1,0,0.68
U0281,A09,3,1,1,0.72
U0281,A06,4,1,0,0.68
U0281,A02,4,1,0,0.68
U0282,A03,4,1,1,0.86
U0282,A10,3,1,0,0.54
U0282,A14,2,1,1,0.58
U0282,A11,3,1,0,0.54
U0282,A07,3,1,0,0.54
U0282,A15,3,1,1,0.72
U0282,A02,5,1,1,1.0
U0283,A01,4,1,0,0.68
U0283,A14,3,1,0,0.54
U0283,A04,3,1,1,0.72
U0283,A07,1,1,1,0.44
U0283,A15,1,1,0,0.26
U0283,A13,2,1,0,0.4
U0283,A05,4,1,0,0.68
U0283,A03,5,1,1,1.0
U0283,A06,2,1,0,0.4
U0283,A12,1,1,1,0.44
U0284,A10,3,1,1,0.72
U0284,A03,5,1,1,1.0
U0284,A02,3,1,1,0.72
U0284,A15,2,1,0,0.4
U0284,A09,2,1,1,0.58
U0285,A06,2,1,0,0.4
U0285,A01,4,1,0,0.68
U0285,A03,5,1,1,1.0
U0285,A11,3,1,0,0.54
U0285,A15,3,1,0,0.54
U0285,A13,3,1,1,0.72
U0285,A02,3,1,1,0.72
U0286,A05,3,1,1,0.72
U0286,A15,2,1,1,0.58
U0286,A02,4,1,1,0.86
U0286,A04,2,1,1,0.58
U0287,A02,5,1,1,1.0
U0287,A05,3,1,0,0.54
U0287,A01,5,1,0,0.82
U0287,A03,4,1,0,0.68
U0287,A12,3,1,0,0.54
U0287,A09,3,1,1,0.72
U0287,A04,4,1,0,0.68
U0288,A03,4,1,0,0.68
U0288,A07,1,1,0,0.26
U0288,A11,2,1,1,0.58
U0288,A09,3,1,1,0.72
U0289,A08,1,1,0,0.26
U0289,A14,3,1,0,0.54
U0289,A01,4,1,1,0.86
U0289,A03,3,1,1,0.72
U0289,A10,2,1,1,0.58
U0289,A13,3,1,1,0.72
U0289,A07,4,1,1,0.86
U0290,A01,5,1,0,0.82
U0290,A04,5,1,1,1.0
U0290,A08,4,1,0,0.68
U0290,A05,5,1,1,1.0
U0291,A05,3,1,0,0.54
U0291,A08,1,1,0,0.26
U0291,A01,4,1,1,0.86
U0291,A14,2,1,1,0.58
U0291,A11,1,1,0,0.26
U0291,A15,1,1,1,0.44
U0291,A03,4,1,0,0.68
U0291,A04,2,1,1,0.58
U0292,A12,3,1,0,0.54
U0292,A14,1,1,0,0.26
U0292,A08,3,1,0,0.54
U0292,A09,2,1,1,0.58
U0292,A15,3,1,0,0.54
U0292,A05,3,1,0,0.54
U0293,A03,4,1,0,0.68
U0293,A05,3,1,1,0.72
U0293,A07,2,1,0,0.4
U0294,A15,3,1,0,0.54
U0294,A04,5,1,0,0.82
U0294,A01,4,1,1,0.86
U0294,A05,4,1,1,0.86
U0294,A11,5,1,1,1.0
U0294,A06,4,1,1,0.86
U0295,A14,2,1,1,0.58
U0295,A04,4,1,1,0.86
U0295,A05,4,1,1,0.86
U0295,A10,2,1,0,0.4
U0295,A13,1,1,0,0.26
U0295,A01,3,1,0,0.54
U0295,A12,2,1,0,0.4
U0295,A03,5,1,1,1.0
U0296,A05,3,1,1,0.72
U0296,A11,2,1,0,0.4
U0296,A14,1,1,1,0.44
U0296,A01,2,1,0,0.4
U0296,A13,3,1,0,0.54
U0296,A10,2,1,1,0.58
U0296,A09,2,1,0,0.4
U0296,A15,2,1,0,0.4
U0297,A04,4,1,1,0.86
U0297,A12,4,1,0,0.68
U0297,A08,3,1,0,0.54
U0298,A07,3,1,1,0.72
U0298,A06,5,1,0,0.82
U0298,A03,3,1,0,0.54
U0298,A02,5,1,1,1.0
U0298,A01,4,1,1,0.86
U0298,A12,2,1,1,0.58
U0299,A14,3,1,1,0.72
U0299,A05,5,1,0,0.82
U0299,A03,3,1,1,0.72
U0299,A08,2,1,0,0.4
U0299,A01,3,1,1,0.72
U0300,A02,5,1,1,1.0
U0300,A15,4,1,0,0.68
U0300,A14,2,1,0,0.4
U0300,A07,1,1,0,0.26
U0300,A01,4,1,0,0.68
U0300,A09,2,1,1,0.58
U0300,A10,2,1,1,0.58
U0300,A03,4,1,1,0.86
U0300,A13,1,1,1,0.44
U0301,A14,3,1,1,0.72
U0301,A12,3,1,1,0.72
U0301,A13,2,1,1,0.58
U0301,A08,4,1,1,0.86
U0301,A05,2,1,0,0.4
U0301,A06,4,1,1,0.86
U0301,A07,5,1,1,1.0
U0301,A02,3,1,1,0.72
U0301,A15,2,1,0,0.4
U0302,A09,3,1,1,0.72
U0302,A12,3,1,1,0.72
U0302,A15,2,1,0,0.4
U0303,A14,3,1,1,0.72
U0303,A02,3,1,1,0.72
U0303,A07,1,1,1,0.44
U0303,A05,5,1,1,1.0
U0303,A09,3,1,1,0.72
U0303,A15,1,1,0,0.26
U0303,A13,3,1,0,0.54
U0303,A03,2,1,1,0.58
U0303,A01,4,1,1,0.86
U0303,A12,3,1,0,0.54
U0304,A11,3,1,1,0.72
U0304,A06,3,1,0,0.54
U0304,A05,4,1,1,0.86
U0304,A08,3,1,0,0.54
U0304,A04,5,1,1,1.0
U0304,A13,4,1,0,0.68
U0304,A01,1,1,0,0.26
U0305,A12,3,1,0,0.54
U0305,A01,1,1,0,0.26
U0305,A07,5,1,1,1.0
U0305,A08,4,1,1,0.86
U0305,A06,4,1,1,0.86
U0305,A05,3,1,0,0.54
U0305,A02,1,1,0,0.26
U0305,A10,4,1,1,0.86
U0305,A03,1,1,0,0.26
U0306,A10,1,1,1,0.44
U0306,A05,3,1,0,0.54
U0306,A04,3,1,1,0.72
U0306,A11,2,1,0,0.4
U0306,A13,3,1,0,0.54
U0306,A07,4,1,1,0.86
U0306,A02,4,1,0,0.68
U0307,A01,4,1,1,0.86
U0307,A11,5,1,0,0.82
U0307,A07,3,1,1,0.72
U0307,A06,5,1,0,0.82
U0307,A12,4,1,0,0.68
U0307,A05,4,1,1,0.86
U0307,A08,4,1,1,0.86
U0307,A10,3,1,0,0.54
U0307,A13,4,1,0,0.68
U0308,A04,4,1,1,0.86
U0308,A10,2,1,0,0.4
U0308,A08,4,1,0,0.68
U0308,A11,4,1,1,0.86
U0308,A06,2,1,0,0.4
U0308,A05,4,1,1,0.86
U0308,A07,1,1,0,0.26
U0308,A14,3,1,1,0.72
U0309,A11,4,1,0,0.68
U0309,A05,4,1,1,0.86
U0309,A07,4,1,0,0.68
U0309,A01,4,1,1,0.86
U0309,A04,4,1,0,0.68
U0309,A03,5,1,0,0.82
U0309,A06,5,1,0,0.82
U0310,A05,3,1,1,0.72
U0310,A01,3,1,1,0.72
U0310,A11,2,1,0,0.4
U0310,A09,3,1,1,0.72
U0310,A13,4,1,1,0.86
U0310,A03,4,1,1,0.86
U0310,A10,2,1,0,0.4
U0310,A06,1,1,0,0.26
U0310,A15,1,1,0,0.26
U0310,A14,3,1,1,0.72
U0311,A10,2,1,0,0.4
U0311,A11,5,1,1,1.0
U0311,A02,5,1,1,1.0
U0311,A08,5,1,0,0.82
U0311,A01,5,1,1,1.0
U0311,A07,4,1,1,0.86
U0311,A03,5,1,1,1.0
U0311,A06,5,1,1,1.0
U0311,A09,2,1,1,0.58
U0312,A04,5,1,1,1.0
U0312,A13,2,1,0,0.4
U0312,A09,2,1,1,0.58
U0312,A15,2,1,1,0.58
U0312,A03,5,1,1,1.0
U0312,A05,4,1,0,0.68
U0312,A07,3,1,1,0.72
U0312,A10,3,1,1,0.72
U0312,A14,4,1,0,0.68
U0313,A06,4,1,0,0.68
U0313,A15,3,1,1,0.72
U0313,A08,4,1,0,0.68
U0313,A11,5,1,1,1.0
U0313,A04,4,1,1,0.86
U0313,A12,3,1,0,0.54
U0313,A13,2,1,0,0.4
U0313,A10,3,1,0,0.54
U0314,A09,2,1,0,0.4
U0314,A08,3,1,1,0.72
U0314,A06,4,1,1,0.86
U0314,A11,3,1,1,0.72
U0314,A05,5,1,1,1.0
U0314,A12,3,1,1,0.72
U0314,A03,1,1,0,0.26
U0314,A13,2,1,0,0.4
U0314,A07,2,1,1,0.58
U0314,A10,2,1,1,0.58
U0315,A10,2,1,1,0.58
U0315,A09,2,1,1,0.58
U0315,A04,1,1,1,0.44
U0315,A13,4,1,1,0.86
U0315,A03,1,1,0,0.26
U0315,A12,3,1,0,0.54
U0315,A15,3,1,0,0.54
U0315,A06,3,1,0,0.54
U0315,A02,1,1,1,0.44
U0315,A07,3,1,0,0.54
U0316,A13,3,1,0,0.54
U0316,A08,3,1,0,0.54
U0316,A05,4,1,1,0.86
U0316,A01,3,1,1,0.72
U0316,A11,2,1,0,0.4
U0316,A04,3,1,0,0.54
U0316,A02,3,1,1,0.72
U0316,A10,4,1,0,0.68
U0316,A03,3,1,0,0.54
U0316,A12,3,1,1,0.72
U0317,A12,3,1,1,0.72
U0317,A01,4,1,1,0.86
U0317,A03,4,1,1,0.86
U0317,A05,4,1,1,0.86
U0317,A07,3,1,1,0.72
U0317,A15,2,1,0,0.4
U0317,A10,1,1,0,0.26
U0317,A02,4,1,0,0.68
U0318,A15,1,1,1,0.44
U0318,A08,2,1,0,0.4
U0318,A01,4,1,0,0.68
U0318,A10,2,1,0,0.4
U0318,A09,2,1,1,0.58
U0318,A14,2,1,0,0.4
U0318,A04,2,1,1,0.58
U0319,A03,4,1,0,0.68
U0319,A07,2,1,1,0.58
U0319,A06,1,1,0,0.26
U0320,A08,1,1,1,0.44
U0320,A03,4,1,1,0.86
U0320,A01,5,1,1,1.0
U0320,A15,3,1,0,0.54
U0320,A12,2,1,0,0.4
U0320,A14,3,1,0,0.54
U0320,A02,3,1,1,0.72
U0320,A07,1,1,0,0.26
U0320,A11,2,1,1,0.58
U0320,A05,4,1,0,0.68
U0321,A04,4,1,1,0.86
U0321,A14,3,1,0,0.54
U0321,A11,3,1,1,0.72
U0321,A10,1,1,1,0.44
U0321,A03,3,1,0,0.54
U0322,A14,3,1,0,0.54
U0322,A01,3,1,0,0.54
U0322,A06,5,1,0,0.82
U0323,A14,3,1,0,0.54
U0323,A10,2,1,1,0.58
U0323,A03,3,1,0,0.54
U0324,A07,4,1,1,0.86
U0324,A03,1,1,0,0.26
U0324,A04,3,1,0,0.54
U0324,A08,4,1,1,0.86
U0325,A04,3,1,1,0.72
U0325,A11,2,1,1,0.58
U0325,A07,2,1,0,0.4
U0325,A08,2,1,0,0.4
U0325,A06,4,1,0,0.68
U0325,A03,2,1,1,0.58
U0325,A05,2,1,0,0.4
U0325,A10,1,1,0,0.26
U0325,A01,1,1,0,0.26
U0325,A15,1,1,1,0.44
U0326,A13,2,1,0,0.4
U0326,A09,3,1,0,0.54
U0326,A01,4,1,0,0.68
U0327,A06,4,1,1,0.86
U0327,A12,2,1,0,0.4
U0327,A01,5,1,1,1.0
U0327,A13,2,1,0,0.4
U0327,A08,5,1,1,1.0
U0327,A07,5,1,1,1.0
U0327,A10,3,1,0,0.54
U0327,A14,1,1,1,0.44
U0327,A05,2,1,0,0.4
U0328,A15,2,1,0,0.4
U0328,A04,3,1,0,0.54
U0328,A12,2,1,1,0.58
U0328,A03,4,1,0,0.68
U0329,A09,1,1,0,0.26
U0329,A12,2,1,0,0.4
U0329,A04,4,1,1,0.86
U0329,A03,3,1,1,0.72
U0330,A04,2,1,0,0.4
U0330,A13,3,1,1,0.72
U0330,A07,3,1,1,0.72
U0331,A11,4,1,0,0.68
U0331,A12,2,1,0,0.4
U0331,A06,4,1,1,0.86
U0331,A07,2,1,0,0.4
U0331,A04,2,1,1,0.58
U0331,A02,1,1,0,0.26
U0331,A10,3,1,0,0.54
U0331,A15,3,1,1,0.72
U0331,A01,2,1,0,0.4
U0331,A13,4,1,0,0.68
U0332,A03,3,1,0,0.54
U0332,A11,3,1,0,0.54
U0332,A01,4,1,1,0.86
U0332,A15,4,1,1,0.86
U0332,A09,3,1,1,0.72
U0332,A04,4,1,0,0.68
U0332,A05,3,1,1,0.72
U0332,A14,3,1,0,0.54
U0332,A08,1,1,0,0.26
U0332,A10,2,1,1,0.58
U0333,A05,3,1,0,0.54
U0333,A10,3,1,0,0.54
U0333,A03,4,1,1,0.86
U0333,A09,2,1,0,0.4
U0333,A14,2,1,0,0.4
U0333,A06,5,1,0,0.82
U0333,A04,5,1,1,1.0
U0333,A07,4,1,0,0.68
U0333,A12,2,1,1,0.58
U0334,A02,4,1,0,0.68
U0334,A08,4,1,1,0.86
U0334,A13,3,1,0,0.54
U0334,A15,3,1,0,0.54
U0334,A01,5,1,0,0.82
U0334,A06,4,1,1,0.86
U0334,A03,4,1,1,0.86
U0335,A01,5,1,1,1.0
U0335,A09,2,1,0,0.4
U0335,A12,4,1,0,0.68
U0335,A07,5,1,0,0.82
U0335,A05,5,1,1,1.0
U0335,A04,3,1,1,0.72
U0335,A10,3,1,1,0.72
U0335,A14,3,1,1,0.72
U0336,A10,3,1,1,0.72
U0336,A12,3,1,0,0.54
U0336,A04,5,1,1,1.0
U0337,A10,2,1,1,0.58
U0337,A06,2,1,1,0.58
U0337,A02,1,1,1,0.44
U0337,A01,1,1,0,0.26
U0337,A09,3,1,0,0.54
U0337,A12,3,1,1,0.72
U0337,A08,3,1,1,0.72
U0337,A13,3,1,0,0.54
U0338,A02,4,1,0,0.68
U0338,A15,2,1,1,0.58
U0338,A06,1,1,0,0.26
U0338,A04,1,1,0,0.26
U0338,A14,2,1,0,0.4
U0338,A09,5,1,0,0.82
U0338,A08,2,1,0,0.4
U0338,A12,3,1,1,0.72
U0338,A10,4,1,1,0.86
U0338,A01,5,1,0,0.82
U0339,A09,3,1,1,0.72
U0339,A04,5,1,0,0.82
U0339,A05,4,1,1,0.86
U0339,A02,4,1,0,0.68
U0339,A11,1,1,1,0.44
U0339,A06,1,1,0,0.26
U0339,A10,3,1,0,0.54
U0339,A03,4,1,1,0.86
U0339,A08,1,1,1,0.44
U0340,A08,3,1,0,0.54
U0340,A14,2,1,0,0.4
U0340,A03,3,1,1,0.72
U0340,A02,5,1,0,0.82
U0340,A13,3,1,0,0.54
U0340,A10,1,1,1,0.44
U0341,A01,3,1,0,0.54
U0341,A02,3,1,1,0.72
U0341,A06,4,1,1,0.86
U0341,A03,2,1,1,0.58
U0341,A07,2,1,0,0.4
U0341,A04,3,1,1,0.72
U0341,A14,4,1,0,0.68
U0341,A08,2,1,1,0.58
U0341,A10,3,1,1,0.72
U0342,A02,5,1,1,1.0
U0342,A10,1,1,0,0.26
U0342,A12,3,1,0,0.54
U0342,A03,4,1,1,0.86
U0342,A13,2,1,0,0.4
U0343,A03,4,1,1,0.86
U0343,A01,3,1,1,0.72
U0343,A09,4,1,0,0.68
U0343,A06,4,1,1,0.86
U0343,A15,2,1,1,0.58
U0344,A02,4,1,0,0.68
U0344,A08,5,1,0,0.82
U0344,A09,2,1,1,0.58
U0344,A11,3,1,1,0.72
U0344,A06,3,1,0,0.54
U0345,A07,3,1,1,0.72
U0345,A04,4,1,1,0.86
U0345,A13,2,1,0,0.4
U0345,A08,4,1,1,0.86
U0345,A03,3,1,1,0.72
U0345,A12,3,1,1,0.72
U0345,A01,5,1,1,1.0
U0345,A15,3,1,1,0.72
U0346,A04,4,1,1,0.86
U0346,A09,2,1,1,0.58
U0346,A02,4,1,1,0.86
U0346,A01,4,1,1,0.86
U0346,A12,3,1,1,0.72
U0347,A01,5,1,0,0.82
U0347,A08,3,1,1,0.72
U0347,A14,3,1,0,0.54
U0347,A07,3,1,1,0.72
U0347,A10,3,1,1,0.72
U0348,A14,2,1,1,0.58
U0348,A03,5,1,1,1.0
U0348,A02,5,1,1,1.0
U0348,A04,1,1,0,0.26
U0349,A03,3,1,1,0.72
U0349,A06,2,1,0,0.4
U0349,A12,2,1,1,0.58
U0349,A13,2,1,0,0.4
U0349,A14,3,1,1,0.72
U0350,A02,5,1,1,1.0
U0350,A06,4,1,1,0.86
U0350,A01,4,1,0,0.68
U0350,A12,3,1,1,0.72
U0351,A08,1,1,0,0.26
U0351,A10,4,1,1,0.86
U0351,A14,1,1,1,0.44
U0351,A09,2,1,1,0.58
U0351,A13,3,1,0,0.54
U0351,A05,3,1,0,0.54
U0351,A07,3,1,1,0.72
U0351,A12,2,1,0,0.4
U0351,A04,3,1,1,0.72
U0351,A11,3,1,0,0.54
U0352,A11,3,1,1,0.72
U0352,A12,3,1,1,0.72
U0352,A07,3,1,1,0.72
U0352,A04,2,1,1,0.58
U0352,A14,2,1,1,0.58
U0352,A02,2,1,1,0.58
U0353,A13,2,1,0,0.4
U0353,A03,4,1,0,0.68
U0353,A09,3,1,1,0.72
U0353,A08,5,1,0,0.82
U0353,A05,2,1,0,0.4
U0353,A07,3,1,0,0.54
U0353,A04,2,1,0,0.4
U0353,A02,3,1,1,0.72
U0353,A01,4,1,0,0.68
U0354,A11,3,1,0,0.54
U0354,A02,5,1,0,0.82
U0354,A12,2,1,1,0.58
U0354,A01,4,1,1,0.86
U0354,A07,5,1,0,0.82
U0354,A05,2,1,0,0.4
U0354,A06,3,1,1,0.72
U0355,A15,3,1,0,0.54
U0355,A07,4,1,1,0.86
U0355,A04,5,1,1,1.0
U0355,A02,4,1,1,0.86
U0355,A10,2,1,1,0.58
U0355,A09,2,1,0,0.4
U0355,A05,4,1,1,0.86
U0356,A01,4,1,1,0.86
U0356,A12,3,1,1,0.72
U0356,A02,3,1,1,0.72
U0356,A15,3,1,1,0.72
U0356,A09,2,1,1,0.58
U0356,A03,4,1,1,0.86
U0356,A04,3,1,0,0.54
U0356,A10,4,1,0,0.68
U0356,A14,4,1,1,0.86
U0357,A01,4,1,1,0.86
U0357,A04,1,1,1,0.44
U0357,A02,5,1,1,1.0
U0358,A15,2,1,1,0.58
U0358,A12,2,1,1,0.58
U0358,A14,3,1,0,0.54
U0358,A13,3,1,1,0.72
U0359,A03,5,1,1,1.0
U0359,A06,4,1,1,0.86
U0359,A12,3,1,1,0.72
U0359,A09,3,1,1,0.72
U0359,A02,5,1,1,1.0
U0359,A08,2,1,0,0.4
U0360,A06,4,1,1,0.86
U0360,A11,3,1,0,0.54
U0360,A12,2,1,0,0.4
U0360,A03,4,1,1,0.86
U0360,A04,4,1,1,0.86
U0360,A15,2,1,0,0.4
U0360,A02,3,1,0,0.54
U0360,A01,4,1,1,0.86
U0360,A07,5,1,1,1.0
U0361,A15,2,1,1,0.58
U0361,A14,3,1,0,0.54
U0361,A04,3,1,0,0.54
U0361,A09,2,1,0,0.4
U0361,A13,3,1,1,0.72
U0361,A06,1,1,0,0.26
U0361,A01,3,1,1,0.72
U0361,A07,1,1,1,0.44
U0361,A10,2,1,0,0.4
U0361,A02,3,1,0,0.54
U0362,A03,3,1,0,0.54
U0362,A01,5,1,0,0.82
U0362,A02,3,1,1,0.72
U0362,A05,4,1,1,0.86
U0362,A10,1,1,0,0.26
U0363,A07,4,1,1,0.86
U0363,A14,3,1,0,0.54
U0363,A12,3,1,1,0.72
U0363,A08,3,1,0,0.54
U0363,A02,3,1,1,0.72
U0363,A05,3,1,1,0.72
U0363,A15,2,1,1,0.58
U0364,A13,3,1,0,0.54
U0364,A08,4,1,1,0.86
U0364,A01,2,1,0,0.4
U0364,A11,3,1,1,0.72
U0364,A12,1,1,1,0.44
U0364,A15,3,1,1,0.72
U0364,A14,1,1,0,0.26
U0364,A09,4,1,0,0.68
U0364,A03,1,1,0,0.26
U0364,A06,3,1,0,0.54
U0365,A15,2,1,1,0.58
U0365,A11,2,1,0,0.4
U0365,A12,1,1,1,0.44
U0365,A09,2,1,1,0.58
U0365,A07,1,1,0,0.26
U0365,A13,4,1,1,0.86
U0365,A08,2,1,0,0.4
U0365,A04,1,1,1,0.44
U0365,A03,3,1,1,0.72
U0365,A01,3,1,0,0.54
U0366,A14,2,1,1,0.58
U0366,A02,1,1,0,0.26
U0366,A11,3,1,1,0.72
U0366,A05,4,1,0,0.68
U0366,A08,2,1,0,0.4
U0366,A07,3,1,0,0.54
U0366,A06,3,1,0,0.54
U0366,A12,3,1,1,0.72
U0366,A03,1,1,0,0.26
U0366,A13,3,1,0,0.54
U0367,A15,3,1,0,0.54
U0367,A05,4,1,1,0.86
U0367,A07,5,1,1,1.0
U0367,A08,5,1,0,0.82
U0367,A06,4,1,1,0.86
U0367,A01,1,1,0,0.26
U0367,A10,3,1,1,0.72
U0367,A04,5,1,1,1.0
U0368,A15,2,1,0,0.4
U0368,A13,2,1,1,0.58
U0368,A04,5,1,0,0.82
U0368,A05,5,1,1,1.0
U0368,A02,4,1,1,0.86
U0368,A01,4,1,1,0.86
U0368,A08,1,1,0,0.26
U0368,A09,2,1,0,0.4
U0368,A14,1,1,0,0.26
U0368,A11,1,1,0,0.26
U0369,A12,2,1,0,0.4
U0369,A10,1,1,1,0.44
U0369,A14,3,1,0,0.54
U0369,A01,5,1,1,1.0
U0369,A07,1,1,0,0.26
U0370,A13,3,1,1,0.72
U0370,A08,5,1,1,1.0
U0370,A05,4,1,1,0.86
U0370,A12,2,1,0,0.4
U0370,A02,5,1,1,1.0
U0370,A15,3,1,1,0.72
U0370,A14,1,1,1,0.44
U0370,A06,4,1,0,0.68
U0371,A05,5,1,1,1.0
U0371,A04,4,1,1,0.86
U0371,A14,2,1,0,0.4
U0372,A02,4,1,1,0.86
U0372,A01,5,1,1,1.0
U0372,A12,3,1,1,0.72
U0373,A01,3,1,0,0.54
U0373,A07,3,1,0,0.54
U0373,A14,2,1,0,0.4
U0373,A12,3,1,1,0.72
U0373,A09,2,1,0,0.4
U0373,A05,4,1,0,0.68
U0374,A04,3,1,0,0.54
U0374,A05,4,1,0,0.68
U0374,A09,3,1,1,0.72
U0374,A14,3,1,1,0.72
U0374,A15,2,1,1,0.58
U0374,A12,1,1,0,0.26
U0374,A07,2,1,0,0.4
U0374,A10,3,1,0,0.54
U0374,A01,4,1,0,0.68
U0375,A12,3,1,1,0.72
U0375,A06,4,1,1,0.86
U0375,A04,3,1,1,0.72
U0375,A08,4,1,1,0.86
U0376,A04,2,1,1,0.58
U0376,A08,3,1,1,0.72
U0376,A14,2,1,1,0.58
U0376,A07,3,1,0,0.54
U0376,A15,1,1,1,0.44
U0376,A01,1,1,0,0.26
U0376,A13,1,1,1,0.44
U0376,A12,3,1,0,0.54
U0377,A03,4,1,1,0.86
U0377,A09,2,1,1,0.58
U0377,A05,3,1,0,0.54
U0377,A08,5,1,0,0.82
U0377,A04,3,1,0,0.54
U0378,A07,2,1,0,0.4
U0378,A08,4,1,1,0.86
U0378,A06,4,1,0,0.68
U0378,A10,3,1,0,0.54
U0378,A12,3,1,0,0.54
U0378,A13,2,1,0,0.4
U0379,A03,3,1,1,0.72
U0379,A06,3,1,1,0.72
U0379,A13,3,1,1,0.72
U0379,A11,2,1,1,0.58
U0380,A03,5,1,0,0.82
U0380,A07,1,1,0,0.26
U0380,A06,2,1,0,0.4
U0380,A02,3,1,1,0.72
U0380,A05,3,1,0,0.54
U0380,A04,2,1,1,0.58
U0380,A11,1,1,0,0.26
U0380,A01,4,1,1,0.86
U0380,A12,3,1,1,0.72
U0380,A14,1,1,1,0.44
U0381,A08,4,1,1,0.86
U0381,A04,1,1,1,0.44
U0381,A06,3,1,0,0.54
U0381,A10,3,1,0,0.54
U0381,A15,2,1,0,0.4
U0381,A02,1,1,1,0.44
U0381,A14,3,1,1,0.72
U0382,A09,3,1,1,0.72
U0382,A06,5,1,0,0.82
U0382,A05,2,1,1,0.58
U0382,A01,4,1,1,0.86
U0382,A07,3,1,1,0.72
U0382,A03,3,1,1,0.72
U0382,A11,5,1,1,1.0
U0382,A10,2,1,0,0.4
U0383,A10,2,1,1,0.58
U0383,A07,2,1,1,0.58
U0383,A04,2,1,0,0.4
U0383,A15,3,1,1,0.72
U0383,A03,1,1,0,0.26
U0383,A14,3,1,1,0.72
U0383,A06,3,1,0,0.54
U0383,A11,3,1,0,0.54
U0383,A08,3,1,1,0.72
U0384,A04,5,1,1,1.0
U0384,A08,2,1,1,0.58
U0384,A15,2,1,0,0.4
U0384,A10,3,1,1,0.72
U0385,A10,3,1,1,0.72
U0385,A09,2,1,0,0.4
U0385,A13,2,1,1,0.58
U0385,A14,1,1,0,0.26
U0385,A01,1,1,0,0.26
U0385,A11,3,1,0,0.54
U0385,A08,4,1,0,0.68
U0385,A06,4,1,1,0.86
U0385,A07,3,1,0,0.54
U0386,A12,2,1,1,0.58
U0386,A04,5,1,0,0.82
U0386,A08,3,1,1,0.72
U0386,A07,3,1,1,0.72
U0386,A01,4,1,0,0.68
U0386,A14,4,1,1,0.86
U0386,A05,5,1,0,0.82
U0386,A03,4,1,1,0.86
U0386,A06,5,1,1,1.0
U0387,A09,2,1,0,0.4
U0387,A02,4,1,1,0.86
U0387,A15,2,1,0,0.4
U0387,A05,5,1,1,1.0
U0388,A11,4,1,1,0.86
U0388,A15,3,1,0,0.54
U0388,A03,2,1,1,0.58
U0388,A06,5,1,1,1.0
U0389,A01,2,1,0,0.4
U0389,A10,3,1,1,0.72
U0389,A07,3,1,1,0.72
U0389,A11,2,1,1,0.58
U0389,A14,4,1,1,0.86
U0389,A09,1,1,0,0.26
U0389,A08,2,1,0,0.4
U0389,A02,1,1,0,0.26
U0389,A13,3,1,1,0.72
U0390,A12,4,1,0,0.68
U0390,A13,4,1,1,0.86
U0390,A11,2,1,0,0.4
U0390,A09,2,1,0,0.4
U0390,A08,2,1,1,0.58
U0390,A10,3,1,0,0.54
U0391,A04,3,1,0,0.54
U0391,A09,1,1,0,0.26
U0391,A07,1,1,0,0.26
U0391,A05,2,1,0,0.4
U0391,A01,4,1,1,0.86
U0391,A03,5,1,1,1.0
U0391,A02,3,1,0,0.54
U0391,A14,4,1,1,0.86
U0391,A13,2,1,0,0.4
U0391,A08,1,1,1,0.44
U0392,A05,4,1,1,0.86
U0392,A10,3,1,1,0.72
U0392,A07,2,1,0,0.4
U0392,A15,3,1,1,0.72
U0392,A14,3,1,0,0.54
U0392,A04,3,1,1,0.72
U0392,A01,4,1,0,0.68
U0392,A12,3,1,1,0.72
U0392,A13,1,1,0,0.26
U0392,A02,4,1,1,0.86
U0393,A11,4,1,1,0.86
U0393,A04,4,1,1,0.86
U0393,A06,2,1,1,0.58
U0393,A07,3,1,1,0.72
U0393,A05,5,1,0,0.82
U0393,A12,3,1,0,0.54
U0393,A15,1,1,1,0.44
U0393,A03,1,1,1,0.44
U0393,A10,3,1,1,0.72
U0394,A06,4,1,1,0.86
U0394,A07,4,1,1,0.86
U0394,A04,4,1,1,0.86
U0395,A15,4,1,0,0.68
U0395,A13,3,1,1,0.72
U0395,A14,2,1,0,0.4
U0395,A08,5,1,1,1.0
U0395,A11,5,1,0,0.82
U0396,A11,2,1,1,0.58
U0396,A06,4,1,1,0.86
U0396,A10,3,1,1,0.72
U0396,A13,3,1,0,0.54
U0396,A08,3,1,1,0.72
U0396,A07,4,1,0,0.68
U0396,A15,2,1,1,0.58
U0396,A09,2,1,0,0.4
U0396,A05,2,1,1,0.58
U0397,A13,2,1,0,0.4
U0397,A02,3,1,1,0.72
U0397,A04,4,1,0,0.68
U0397,A05,4,1,1,0.86
U0398,A04,5,1,1,1.0
U0398,A10,3,1,0,0.54
U0398,A07,3,1,1,0.72
U0398,A15,1,1,0,0.26
U0398,A05,5,1,1,1.0
U0398,A13,3,1,1,0.72
U0398,A08,4,1,1,0.86
U0398,A09,3,1,1,0.72
U0398,A12,3,1,1,0.72
U0399,A15,3,1,0,0.54
U0399,A02,1,1,0,0.26
U0399,A07,4,1,1,0.86
U0399,A01,3,1,0,0.54
U0400,A07,1,1,1,0.44
U0400,A06,2,1,0,0.4
U0400,A03,4,1,1,0.86
U0400,A02,3,1,1,0.72
U0400,A01,4,1,0,0.68
U0401,A12,2,1,1,0.58
U0401,A09,2,1,1,0.58
U0401,A14,3,1,1,0.72
U0401,A08,1,1,0,0.26
U0401,A04,5,1,1,1.0
U0401,A05,5,1,0,0.82
U0401,A02,2,1,1,0.58
U0401,A10,2,1,1,0.58
U0401,A06,1,1,1,0.44
U0402,A10,1,1,0,0.26
U0402,A12,3,1,0,0.54
U0402,A03,5,1,0,0.82
U0402,A01,4,1,0,0.68
U0403,A11,2,1,1,0.58
U0403,A10,2,1,0,0.4
U0403,A13,4,1,0,0.68
U0404,A09,4,1,1,0.86
U0404,A01,3,1,1,0.72
U0404,A08,2,1,1,0.58
U0405,A05,4,1,1,0.86
U0405,A11,5,1,0,0.82
U0405,A04,4,1,1,0.86
U0405,A06,4,1,0,0.68
U0405,A09,3,1,1,0.72
U0405,A14,3,1,0,0.54
U0405,A08,2,1,0,0.4
U0405,A13,2,1,0,0.4
U0405,A07,3,1,0,0.54
U0405,A15,1,1,0,0.26
U0406,A07,5,1,1,1.0
U0406,A06,5,1,1,1.0
U0406,A04,2,1,1,0.58
U0407,A03,2,1,1,0.58
U0407,A02,5,1,0,0.82
U0407,A11,5,1,0,0.82
U0407,A12,4,1,1,0.86
U0407,A13,3,1,1,0.72
U0407,A10,3,1,1,0.72
U0407,A07,4,1,0,0.68
U0407,A05,5,1,1,1.0
U0407,A04,3,1,1,0.72
U0408,A14,2,1,0,0.4
U0408,A13,3,1,1,0.72
U0408,A11,3,1,1,0.72
U0408,A06,4,1,0,0.68
U0408,A03,1,1,0,0.26
U0408,A09,2,1,1,0.58
U0409,A03,4,1,1,0.86
U0409,A06,3,1,0,0.54
U0409,A04,5,1,1,1.0
U0409,A07,5,1,0,0.82
U0409,A10,2,1,0,0.4
U0409,A11,5,1,1,1.0
U0409,A01,4,1,1,0.86
U0409,A08,5,1,1,1.0
U0409,A12,2,1,1,0.58
U0410,A10,2,1,0,0.4
U0410,A02,3,1,1,0.72
U0410,A05,5,1,0,0.82
U0410,A11,1,1,0,0.26
U0410,A01,4,1,1,0.86
U0410,A15,3,1,0,0.54
U0410,A03,4,1,1,0.86
U0411,A08,1,1,0,0.26
U0411,A12,4,1,0,0.68
U0411,A01,1,1,0,0.26
U0412,A04,1,1,0,0.26
U0412,A05,3,1,0,0.54
U0412,A07,3,1,0,0.54
U0412,A10,3,1,0,0.54
U0412,A11,3,1,0,0.54
U0412,A08,5,1,1,1.0
U0412,A03,1,1,0,0.26
U0412,A12,3,1,0,0.54
U0412,A06,3,1,1,0.72
U0412,A01,1,1,0,0.26
U0413,A01,4,1,0,0.68
U0413,A10,2,1,0,0.4
U0413,A09,2,1,1,0.58
U0413,A03,5,1,1,1.0
U0413,A06,1,1,0,0.26
U0413,A11,3,1,1,0.72
U0413,A07,2,1,0,0.4
U0413,A05,4,1,1,0.86
U0413,A04,4,1,1,0.86
U0413,A15,2,1,1,0.58
U0414,A06,3,1,0,0.54
U0414,A13,3,1,0,0.54
U0414,A02,3,1,0,0.54
U0414,A11,3,1,1,0.72
U0414,A05,4,1,0,0.68
U0414,A04,4,1,1,0.86
U0414,A14,2,1,1,0.58
U0414,A03,5,1,1,1.0
U0415,A11,4,1,1,0.86
U0415,A01,4,1,1,0.86
U0415,A03,3,1,0,0.54
U0415,A06,4,1,0,0.68
U0416,A11,2,1,1,0.58
U0416,A02,4,1,0,0.68
U0416,A14,3,1,1,0.72
U0417,A10,3,1,0,0.54
U0417,A12,3,1,0,0.54
U0417,A13,2,1,1,0.58
U0417,A07,1,1,0,0.26
U0417,A03,3,1,1,0.72
U0417,A11,3,1,0,0.54
U0417,A14,2,1,0,0.4
U0417,A01,4,1,1,0.86
U0417,A15,2,1,1,0.58
U0418,A14,3,1,1,0.72
U0418,A09,1,1,1,0.44
U0418,A12,3,1,0,0.54
U0418,A04,5,1,0,0.82
U0418,A10,5,1,0,0.82
U0419,A08,5,1,0,0.82
U0419,A09,2,1,0,0.4
U0419,A15,2,1,1,0.58
U0419,A05,4,1,1,0.86
U0419,A10,3,1,1,0.72
U0419,A12,3,1,0,0.54
U0419,A06,5,1,1,1.0
U0419,A01,1,1,0,0.26
U0419,A04,3,1,1,0.72
U0420,A07,4,1,0,0.68
U0420,A05,4,1,1,0.86
U0420,A01,1,1,0,0.26
U0420,A03,1,1,0,0.26
U0421,A12,3,1,1,0.72
U0421,A04,4,1,1,0.86
U0421,A11,2,1,1,0.58
U0421,A06,2,1,0,0.4
U0421,A01,1,1,0,0.26
U0421,A07,4,1,0,0.68
U0421,A09,2,1,1,0.58
U0421,A05,4,1,1,0.86
U0421,A14,2,1,1,0.58
U0422,A13,1,1,0,0.26
U0422,A04,4,1,1,0.86
U0422,A05,4,1,0,0.68
U0422,A11,1,1,0,0.26
U0422,A08,3,1,0,0.54
U0423,A14,2,1,0,0.4
U0423,A04,4,1,1,0.86
U0423,A02,5,1,1,1.0
U0424,A01,5,1,1,1.0
U0424,A09,3,1,0,0.54
U0424,A14,2,1,0,0.4
U0425,A03,3,1,1,0.72
U0425,A06,3,1,1,0.72
U0425,A11,5,1,1,1.0
U0425,A07,5,1,0,0.82
U0426,A10,3,1,0,0.54
U0426,A01,3,1,1,0.72
U0426,A12,2,1,0,0.4
U0426,A09,2,1,1,0.58
U0426,A02,4,1,1,0.86
U0426,A06,1,1,0,0.26
U0427,A09,2,1,0,0.4
U0427,A04,3,1,0,0.54
U0427,A13,3,1,0,0.54
U0427,A06,3,1,1,0.72
U0428,A13,1,1,0,0.26
U0428,A07,2,1,1,0.58
U0428,A15,2,1,1,0.58
U0428,A12,3,1,0,0.54
U0429,A01,5,1,1,1.0
U0429,A13,2,1,1,0.58
U0429,A04,5,1,0,0.82
U0429,A11,5,1,1,1.0
U0429,A12,1,1,0,0.26
U0429,A15,3,1,0,0.54
U0430,A07,3,1,0,0.54
U0430,A05,3,1,1,0.72
U0430,A02,4,1,0,0.68
U0430,A06,4,1,0,0.68
U0430,A08,2,1,1,0.58
U0430,A10,2,1,1,0.58
U0430,A15,1,1,0,0.26
U0430,A12,3,1,0,0.54
U0431,A06,4,1,1,0.86
U0431,A15,3,1,0,0.54
U0431,A02,2,1,1,0.58
U0431,A11,4,1,0,0.68
U0431,A14,3,1,1,0.72
U0431,A13,2,1,1,0.58
U0431,A04,3,1,0,0.54
U0431,A09,2,1,0,0.4
U0432,A09,3,1,0,0.54
U0432,A08,4,1,1,0.86
U0432,A05,3,1,0,0.54
U0432,A01,4,1,1,0.86
U0432,A02,4,1,1,0.86
U0432,A11,4,1,0,0.68
U0432,A07,4,1,0,0.68
U0432,A04,4,1,0,0.68
U0433,A01,3,1,0,0.54
U0433,A04,3,1,0,0.54
U0433,A02,4,1,1,0.86
U0433,A07,2,1,1,0.58
U0434,A14,2,1,0,0.4
U0434,A06,2,1,0,0.4
U0434,A09,3,1,1,0.72
U0434,A08,3,1,0,0.54
U0434,A04,2,1,1,0.58
U0434,A12,2,1,0,0.4
U0434,A03,3,1,0,0.54
U0434,A10,3,1,0,0.54
U0435,A08,2,1,0,0.4
U0435,A13,1,1,0,0.26
U0435,A15,3,1,0,0.54
U0435,A10,1,1,1,0.44
U0436,A04,5,1,1,1.0
U0436,A01,5,1,1,1.0
U0436,A08,4,1,0,0.68
U0436,A15,3,1,1,0.72
U0436,A07,3,1,1,0.72
U0436,A14,3,1,0,0.54
U0436,A12,3,1,0,0.54
U0436,A02,4,1,1,0.86
U0436,A10,2,1,0,0.4
U0436,A06,3,1,0,0.54
U0437,A02,1,1,0,0.26
U0437,A14,3,1,0,0.54
U0437,A01,1,1,1,0.44
U0437,A12,3,1,1,0.72
U0437,A04,4,1,0,0.68
U0438,A12,3,1,0,0.54
U0438,A14,1,1,1,0.44
U0438,A09,2,1,0,0.4
U0439,A12,2,1,1,0.58
U0439,A06,1,1,1,0.44
U0439,A14,4,1,0,0.68
U0440,A14,4,1,0,0.68
U0440,A07,5,1,1,1.0
U0440,A11,5,1,0,0.82
U0440,A02,4,1,0,0.68
U0441,A13,3,1,0,0.54
U0441,A10,3,1,0,0.54
U0441,A05,4,1,1,0.86
U0441,A15,2,1,0,0.4
U0441,A04,5,1,1,1.0
U0441,A08,1,1,1,0.44
U0441,A01,1,1,0,0.26
U0442,A15,2,1,0,0.4
U0442,A06,3,1,0,0.54
U0442,A04,1,1,0,0.26
U0442,A08,5,1,1,1.0
U0442,A09,1,1,1,0.44
U0442,A07,2,1,0,0.4
U0442,A03,5,1,0,0.82
U0442,A02,5,1,1,1.0
U0443,A12,4,1,0,0.68
U0443,A07,4,1,1,0.86
U0443,A13,4,1,0,0.68
U0443,A09,2,1,0,0.4
U0443,A10,3,1,0,0.54
U0443,A15,3,1,0,0.54
U0443,A03,5,1,1,1.0
U0443,A01,4,1,1,0.86
U0443,A02,4,1,1,0.86
U0444,A09,3,1,0,0.54
U0444,A06,4,1,1,0.86
U0444,A07,4,1,1,0.86
U0444,A08,3,1,0,0.54
U0444,A04,5,1,1,1.0
U0444,A12,3,1,1,0.72
U0444,A13,1,1,0,0.26
U0444,A01,1,1,0,0.26
U0444,A11,4,1,1,0.86
U0444,A10,3,1,1,0.72
U0445,A04,3,1,1,0.72
U0445,A11,1,1,1,0.44
U0445,A06,1,1,1,0.44
U0445,A01,1,1,0,0.26
U0445,A14,3,1,1,0.72
U0445,A05,3,1,1,0.72
U0445,A15,3,1,0,0.54
U0445,A12,3,1,0,0.54
U0445,A13,3,1,1,0.72
U0445,A07,1,1,0,0.26
U0446,A05,2,1,1,0.58
U0446,A14,4,1,1,0.86
U0446,A10,4,1,0,0.68
U0446,A08,4,1,0,0.68
U0446,A11,3,1,1,0.72
U0447,A05,4,1,1,0.86
U0447,A08,5,1,0,0.82
U0447,A07,4,1,1,0.86
U0448,A05,5,1,1,1.0
U0448,A14,2,1,1,0.58
U0448,A11,4,1,1,0.86
U0448,A08,4,1,1,0.86
U0449,A12,1,1,1,0.44
U0449,A01,3,1,0,0.54
U0449,A07,5,1,0,0.82
U0449,A06,3,1,1,0.72
U0449,A04,1,1,1,0.44
U0450,A12,1,1,0,0.26
U0450,A10,2,1,0,0.4
U0450,A15,3,1,0,0.54
U0451,A10,3,1,1,0.72
U0451,A07,3,1,0,0.54
U0451,A15,3,1,0,0.54
U0451,A13,2,1,0,0.4
U0451,A05,5,1,1,1.0
U0451,A01,3,1,1,0.72
U0451,A14,2,1,1,0.58
U0451,A12,1,1,0,0.26
U0451,A02,4,1,1,0.86
U0452,A05,4,1,0,0.68
U0452,A01,4,1,1,0.86
U0452,A02,4,1,1,0.86
U0452,A14,1,1,1,0.44
U0452,A15,3,1,0,0.54
U0452,A11,3,1,1,0.72
U0452,A04,3,1,0,0.54
U0452,A06,4,1,0,0.68
U0452,A08,5,1,1,1.0
U0452,A12,1,1,1,0.44
U0453,A07,2,1,1,0.58
U0453,A10,3,1,0,0.54
U0453,A14,1,1,0,0.26
U0453,A09,3,1,1,0.72
U0453,A06,4,1,0,0.68
U0453,A15,2,1,1,0.58
U0454,A04,1,1,0,0.26
U0454,A09,2,1,1,0.58
U0454,A03,3,1,1,0.72
U0454,A08,1,1,0,0.26
U0454,A13,4,1,1,0.86
U0454,A07,2,1,1,0.58
U0454,A15,4,1,1,0.86
U0455,A12,2,1,1,0.58
U0455,A03,4,1,1,0.86
U0455,A06,4,1,1,0.86
U0456,A03,3,1,0,0.54
U0456,A04,4,1,1,0.86
U0456,A05,4,1,1,0.86
U0456,A11,3,1,0,0.54
U0456,A13,2,1,0,0.4
U0456,A14,2,1,1,0.58
U0456,A15,2,1,1,0.58
U0456,A09,3,1,1,0.72
U0457,A11,3,1,1,0.72
U0457,A15,3,1,0,0.54
U0457,A13,5,1,0,0.82
U0457,A14,2,1,1,0.58
U0457,A12,1,1,0,0.26
U0457,A07,5,1,0,0.82
U0457,A03,5,1,0,0.82
U0457,A05,3,1,1,0.72
U0458,A04,2,1,0,0.4
U0458,A07,1,1,0,0.26
U0458,A15,3,1,1,0.72
U0459,A13,1,1,1,0.44
U0459,A01,5,1,1,1.0
U0459,A14,2,1,0,0.4
U0460,A07,3,1,0,0.54
U0460,A11,3,1,0,0.54
U0460,A06,3,1,1,0.72
U0460,A08,4,1,1,0.86
U0460,A12,3,1,1,0.72
U0460,A03,5,1,1,1.0
U0460,A01,4,1,0,0.68
U0460,A13,3,1,1,0.72
U0460,A14,3,1,0,0.54
U0461,A01,3,1,1,0.72
U0461,A11,3,1,0,0.54
U0461,A15,3,1,1,0.72
U0461,A09,3,1,0,0.54
U0461,A06,3,1,1,0.72
U0461,A05,4,1,1,0.86
U0461,A02,5,1,1,1.0
U0461,A08,2,1,0,0.4
U0462,A06,2,1,0,0.4
U0462,A12,3,1,0,0.54
U0462,A01,1,1,1,0.44
U0462,A10,2,1,1,0.58
U0462,A04,2,1,1,0.58
U0462,A15,2,1,1,0.58
U0463,A15,2,1,0,0.4
U0463,A14,3,1,0,0.54
U0463,A02,4,1,0,0.68
U0463,A12,2,1,0,0.4
U0463,A05,5,1,1,1.0
U0464,A10,2,1,0,0.4
U0464,A08,5,1,1,1.0
U0464,A01,1,1,0,0.26
U0464,A07,4,1,0,0.68
U0464,A05,2,1,1,0.58
U0465,A14,2,1,1,0.58
U0465,A12,2,1,0,0.4
U0465,A13,3,1,0,0.54
U0465,A08,2,1,1,0.58
U0465,A02,5,1,0,0.82
U0465,A04,4,1,1,0.86
U0465,A05,2,1,0,0.4
U0465,A07,1,1,0,0.26
U0465,A15,3,1,1,0.72
U0466,A06,5,1,1,1.0
U0466,A07,5,1,1,1.0
U0466,A04,4,1,1,0.86
U0467,A11,3,1,0,0.54
U0467,A15,3,1,1,0.72
U0467,A13,2,1,1,0.58
U0467,A09,5,1,0,0.82
U0467,A05,5,1,1,1.0
U0468,A04,3,1,1,0.72
U0468,A01,4,1,1,0.86
U0468,A06,4,1,0,0.68
U0468,A07,5,1,0,0.82
U0468,A11,4,1,1,0.86
U0468,A02,4,1,1,0.86
U0468,A12,2,1,0,0.4
U0468,A10,3,1,1,0.72
U0468,A15,2,1,0,0.4
U0468,A03,5,1,1,1.0
U0469,A15,2,1,1,0.58
U0469,A02,1,1,0,0.26
U0469,A06,5,1,0,0.82
U0470,A13,2,1,0,0.4
U0470,A03,4,1,1,0.86
U0470,A11,3,1,1,0.72
U0470,A07,3,1,0,0.54
U0470,A15,2,1,1,0.58
U0471,A12,2,1,0,0.4
U0471,A05,3,1,1,0.72
U0471,A09,3,1,1,0.72
U0471,A08,4,1,0,0.68
U0471,A10,4,1,1,0.86
U0472,A01,5,1,1,1.0
U0472,A04,3,1,0,0.54
U0472,A07,5,1,1,1.0
U0472,A03,4,1,0,0.68
U0472,A14,3,1,0,0.54
U0472,A15,2,1,1,0.58
U0472,A11,4,1,1,0.86
U0472,A05,2,1,1,0.58
U0473,A11,2,1,0,0.4
U0473,A12,4,1,1,0.86
U0473,A04,3,1,1,0.72
U0474,A10,3,1,0,0.54
U0474,A04,4,1,1,0.86
U0474,A01,5,1,0,0.82
U0475,A15,3,1,0,0.54
U0475,A03,1,1,0,0.26
U0475,A07,2,1,1,0.58
U0475,A08,4,1,1,0.86
U0475,A13,3,1,0,0.54
U0475,A10,2,1,1,0.58
U0475,A11,2,1,1,0.58
U0475,A12,3,1,1,0.72
U0475,A04,1,1,0,0.26
U0476,A08,3,1,1,0.72
U0476,A06,5,1,1,1.0
U0476,A11,4,1,1,0.86
U0476,A01,4,1,0,0.68
U0476,A07,4,1,1,0.86
U0476,A02,2,1,1,0.58
U0476,A03,5,1,1,1.0
U0476,A12,2,1,0,0.4
U0476,A15,4,1,1,0.86
U0477,A11,5,1,1,1.0
U0477,A08,5,1,0,0.82
U0477,A06,4,1,1,0.86
U0477,A01,3,1,1,0.72
U0478,A04,2,1,0,0.4
U0478,A08,4,1,1,0.86
U0478,A10,3,1,0,0.54
U0478,A06,5,1,1,1.0
U0478,A13,2,1,1,0.58
U0478,A12,1,1,0,0.26
U0479,A07,1,1,0,0.26
U0479,A09,2,1,1,0.58
U0479,A12,3,1,0,0.54
U0479,A10,2,1,1,0.58
U0479,A04,3,1,0,0.54
U0480,A07,4,1,1,0.86
U0480,A15,3,1,1,0.72
U0480,A10,1,1,0,0.26
U0480,A01,4,1,0,0.68
U0480,A06,4,1,1,0.86
U0480,A02,4,1,0,0.68
U0480,A14,2,1,0,0.4
U0480,A11,4,1,0,0.68
U0481,A15,3,1,0,0.54
U0481,A04,4,1,0,0.68
U0481,A12,2,1,0,0.4
U0481,A02,2,1,0,0.4
U0481,A13,1,1,1,0.44
U0482,A05,3,1,0,0.54
U0482,A03,5,1,1,1.0
U0482,A14,3,1,1,0.72
U0482,A02,5,1,1,1.0
U0482,A11,3,1,1,0.72
U0482,A06,3,1,0,0.54
U0482,A04,4,1,1,0.86
U0482,A15,2,1,0,0.4
U0483,A07,1,1,0,0.26
U0483,A13,2,1,0,0.4
U0483,A05,3,1,1,0.72
U0483,A14,3,1,0,0.54
U0483,A11,2,1,1,0.58
U0483,A03,4,1,0,0.68
U0483,A08,2,1,0,0.4
U0483,A02,4,1,1,0.86
U0483,A10,3,1,1,0.72
U0484,A01,4,1,1,0.86
U0484,A10,2,1,1,0.58
U0484,A13,2,1,1,0.58
U0484,A06,3,1,1,0.72
U0484,A02,5,1,0,0.82
U0484,A11,3,1,1,0.72
U0485,A06,3,1,1,0.72
U0485,A11,2,1,1,0.58
U0485,A02,1,1,1,0.44
U0486,A13,1,1,1,0.44
U0486,A02,3,1,1,0.72
U0486,A09,2,1,1,0.58
U0487,A12,2,1,0,0.4
U0487,A01,4,1,1,0.86
U0487,A02,4,1,1,0.86
U0487,A05,2,1,1,0.58
U0487,A07,2,1,0,0.4
U0487,A08,4,1,0,0.68
U0487,A06,2,1,1,0.58
U0488,A12,2,1,0,0.4
U0488,A04,3,1,1,0.72
U0488,A11,4,1,1,0.86
U0488,A08,2,1,0,0.4
U0488,A05,1,1,0,0.26
U0488,A09,4,1,0,0.68
U0488,A15,2,1,0,0.4
U0488,A10,2,1,1,0.58
U0488,A01,2,1,1,0.58
U0488,A02,1,1,0,0.26
U0489,A13,2,1,0,0.4
U0489,A07,2,1,0,0.4
U0489,A08,3,1,1,0.72
U0489,A12,4,1,0,0.68
U0489,A06,2,1,1,0.58
U0489,A11,4,1,0,0.68
U0489,A10,3,1,1,0.72
U0490,A15,2,1,1,0.58
U0490,A01,4,1,1,0.86
U0490,A09,2,1,0,0.4
U0490,A14,2,1,0,0.4
U0490,A07,1,1,0,0.26
U0490,A04,2,1,1,0.58
U0490,A08,1,1,1,0.44
U0491,A11,4,1,1,0.86
U0491,A14,4,1,1,0.86
U0491,A12,2,1,1,0.58
U0491,A08,3,1,0,0.54
U0491,A10,2,1,0,0.4
U0491,A15,1,1,1,0.44
U0491,A02,5,1,0,0.82
U0491,A04,3,1,0,0.54
U0492,A06,1,1,0,0.26
U0492,A03,4,1,1,0.86
U0492,A02,3,1,1,0.72
U0492,A14,2,1,0,0.4
U0492,A15,2,1,0,0.4
U0492,A01,3,1,1,0.72
U0492,A13,1,1,1,0.44
U0492,A05,4,1,0,0.68
U0492,A04,3,1,1,0.72
U0493,A07,2,1,1,0.58
U0493,A13,2,1,1,0.58
U0493,A05,5,1,1,1.0
U0493,A04,5,1,1,1.0
U0493,A03,5,1,0,0.82
U0493,A02,4,1,0,0.68
U0493,A09,3,1,1,0.72
U0494,A13,4,1,0,0.68
U0494,A06,3,1,0,0.54
U0494,A01,4,1,1,0.86
U0494,A12,2,1,1,0.58
U0494,A08,4,1,1,0.86
U0494,A05,2,1,1,0.58
U0494,A03,5,1,1,1.0
U0494,A09,3,1,1,0.72
U0494,A11,3,1,1,0.72
U0494,A15,2,1,0,0.4
U0495,A09,2,1,1,0.58
U0495,A04,3,1,0,0.54
U0495,A08,3,1,1,0.72
U0495,A11,2,1,0,0.4
U0495,A01,4,1,1,0.86
U0496,A11,2,1,1,0.58
U0496,A04,2,1,1,0.58
U0496,A01,5,1,0,0.82
U0496,A02,5,1,0,0.82
U0496,A13,2,1,1,0.58
U0496,A10,1,1,1,0.44
U0496,A12,3,1,0,0.54
U0496,A14,3,1,0,0.54
U0496,A03,4,1,1,0.86
U0496,A09,3,1,0,0.54
U0497,A15,3,1,1,0.72
U0497,A02,5,1,0,0.82
U0497,A03,3,1,1,0.72
U0497,A13,3,1,0,0.54
U0497,A05,5,1,1,1.0
U0498,A05,5,1,1,1.0
U0498,A12,2,1,0,0.4
U0498,A15,1,1,1,0.44
U0498,A04,4,1,1,0.86
U0498,A09,2,1,1,0.58
U0498,A02,2,1,0,0.4
U0498,A08,3,1,1,0.72
U0498,A06,3,1,0,0.54
U0498,A07,5,1,1,1.0
U0499,A11,4,1,1,0.86
U0499,A06,4,1,0,0.68
U0499,A08,5,1,1,1.0
U0499,A04,5,1,1,1.0
